individual_ID,group_ID,treatment_ID,sex,food_provided_ww,food_provided_unit,bodymass_7th_instar_j0_ww,bodymass_7th_instar_j1_ww,bodymass_7th_instar_j2_ww,bodymass_7th_instar_j3_ww,bodymass_7th_instar_j3_dw,bodymass_7th_instar_j16_ww,bodymass_imago_ww,bodymass_imago_dw,bodymass_unit,tube_egestion_ID,empty_tube_egestion_mass,filled_tube_egestion_mass,tube_egestion_mass_unit,egestion_mass,egestion_mass_unit,tube_food_ID,empty_tube_food_mass,filled_tube_food_mass,tube_food_mass_unit,food_mass,food_mass_unit,seventh_instar_date,pre_pupa_date,pupa_date,first_collection_date,last_collection_date,number_collection_days,body_analysis,emergence,individual_removed,reason
1,1,1,,120,mg_ww/day,385.1,461.8,513.5,550.3,,,,,mg,E-T1-G1-I1-CA,5543.4,5580.9,mg,,mg_dw,F-T1-G1-I1-CA,5555.9,NA,mg,,mg_dw,26/10/2021,,,27/10/2021,,,1,NA,,
2,1,1,F,120,mg_ww/day,218.1,285.7,343.3,408,,206.8,61.6,22.2,mg,E-T1-G1-I2-EP,5563.1,5603.1,mg,,mg_dw,F-T1-G1-I2-EP,5565.4,NA,mg,,mg_dw,26/10/2021,,02/11/2021,27/10/2021,,,0,1,,
3,1,1,,120,mg_ww/day,338,393,464.9,505.9,,,,,mg,E-T1-G1-I3-CA,5548.5,5589.6,mg,,mg_dw,F-T1-G1-I3-CA,5545.1,NA,mg,,mg_dw,26/10/2021,,,27/10/2021,,,1,NA,,
4,1,1,M,120,mg_ww/day,222.2,275,339,397,,208.4,76.3,23.7,mg,E-T1-G1-I4-EP,5560.3,5604.1,mg,,mg_dw,F-T1-G1-I4-EP,5555.2,NA,mg,,mg_dw,26/10/2021,,01/11/2021,27/10/2021,,,0,1,,
5,2,1,,120,mg_ww/day,281.3,354.5,413.4,474.3,,,,,mg,E-T1-G2-I5-CA,5568.2,5602.8,mg,,mg_dw,F-T1-G2-I5-CA,5549.5,NA,mg,,mg_dw,26/10/2021,,,27/10/2021,,,1,NA,,
6,2,1,F,120,mg_ww/day,444.5,496.8,563.9,608.1,,280.1,105.4,33.4,mg,E-T1-G2-I6-EP,5531.9,5567.6,mg,,mg_dw,F-T1-G2-I6-EP,5555.9,NA,mg,,mg_dw,26/10/2021,,01/11/2021,27/10/2021,,,0,1,,
7,2,1,,120,mg_ww/day,288.9,357.6,406.9,487.4,,,,,mg,E-T1-G2-I7-CA,5550.1,5582.3,mg,,mg_dw,F-T1-G2-I7-CA,5567.7,NA,mg,,mg_dw,26/10/2021,,,27/10/2021,,,1,NA,,
8,2,1,F,120,mg_ww/day,397.6,438.8,479.8,535.4,,252.4,104.4,32.7,mg,E-T1-G2-I8-EP,5551.3,5583.1,mg,,mg_dw,F-T1-G2-I8-EP,5534.1,NA,mg,,mg_dw,26/10/2021,,01/11/2021,27/10/2021,,,0,1,,
9,3,2,,240,mg_ww/day,359.4,485.1,642,486.2,,,,,mg,E-T2-G3-I9-CA,5555.7,5595,mg,,mg_dw,F-T2-G3-I9-CA,5535.3,NA,mg,,mg_dw,26/10/2021,29/10/2021,,27/10/2021,,,1,NA,,
10,3,2,F,240,mg_ww/day,322,445.8,594.6,733.6,,322.4,118.3,40.4,mg,E-T2-G3-I10-EP,5539.8,5607.6,mg,,mg_dw,F-T2-G3-I10-EP,5557.8,NA,mg,,mg_dw,26/10/2021,,01/11/2021,27/10/2021,,,0,1,,
11,3,2,,240,mg_ww/day,304.3,402.5,559,704.6,,,,,mg,E-T2-G3-I11-CA,5571.1,5646.5,mg,,mg_dw,F-T2-G3-I11-CA,5540.7,NA,mg,,mg_dw,26/10/2021,,,27/10/2021,,,1,NA,,
12,3,2,M,240,mg_ww/day,376.1,480.7,612,460.9,,275,87.3,33.8,mg,E-T2-G3-I12-EP,5548.2,5605.3,mg,,mg_dw,F-T2-G3-I12-EP,5555.7,NA,mg,,mg_dw,26/10/2021,29/10/2021,01/11/2021,27/10/2021,,,0,1,,
13,4,2,,240,mg_ww/day,311.1,434.4,579.8,703.9,,,,,mg,E-T2-G4-I13-CA,5551.3,5632,mg,,mg_dw,F-T2-G4-I13-CA,5562.1,NA,mg,,mg_dw,26/10/2021,,,27/10/2021,,,1,NA,,
14,4,2,F,240,mg_ww/day,314.4,426,590.6,720.2,,307.2,140.3,49.4,mg,E-T2-G4-I14-EP,5555.6,5620.9,mg,,mg_dw,F-T2-G4-I14-EP,5565.3,NA,mg,,mg_dw,26/10/2021,,01/11/2021,27/10/2021,,,0,1,,
15,4,2,,240,mg_ww/day,316.1,440.5,588,711.6,,,,,mg,E-T2-G4-I15-CA,5533.4,5610.1,mg,,mg_dw,F-T2-G4-I15-CA,5547.1,NA,mg,,mg_dw,26/10/2021,,,27/10/2021,,,1,NA,,
16,4,2,F,240,mg_ww/day,377.8,498.5,650.2,774.2,,339.4,139.7,51.8,mg,E-T2-G4-I16-EP,5528.6,5596.8,mg,,mg_dw,F-T2-G4-I16-EP,5556.2,NA,mg,,mg_dw,26/10/2021,,01/11/2021,27/10/2021,,,0,1,,
17,5,3,,360,mg_ww/day,246.5,425.1,621.3,536,,,,,mg,E-T3-G5-I17-CA,5563.4,5652.7,mg,,mg_dw,F-T3-G5-I17-CA,5529,NA,mg,,mg_dw,26/10/2021,29/10/2021,,27/10/2021,,,1,NA,,
18,5,3,M,360,mg_ww/day,137.9,194.9,299.4,424.5,,225.3,96.9,32.7,mg,E-T3-G5-I18-EP,5579.2,5631.1,mg,,mg_dw,F-T3-G5-I18-EP,5553.4,5692.6,mg,,mg_dw,26/10/2021,,02/11/2021,27/10/2021,,,0,1,,
19,5,3,,360,mg_ww/day,361.4,532.6,718.4,611.3,,,,,mg,E-T3-G5-I19-CA,5547,5635.9,mg,,mg_dw,F-T3-G5-I19-CA,5531.6,NA,mg,,mg_dw,26/10/2021,29/10/2021,,27/10/2021,,,1,NA,,
20,5,3,F,360,mg_ww/day,231.3,408.7,614.7,790.4,,361.5,136,55.8,mg,E-T3-G5-I20-EP,5544.9,5673.2,mg,,mg_dw,F-T3-G5-I20-EP,5579,NA,mg,,mg_dw,26/10/2021,,01/11/2021,27/10/2021,,,0,1,,
21,6,3,,360,mg_ww/day,311.2,434.9,644.5,803.8,,,,,mg,E-T3-G6-I21-CA,5560.2,5697.4,mg,,mg_dw,F-T3-G6-I21-CA,5560.3,NA,mg,,mg_dw,26/10/2021,,,27/10/2021,,,1,NA,,
22,6,3,F,360,mg_ww/day,240.6,408.1,592,825,,350.5,125.4,57.2,mg,E-T3-G6-I22-EP,5551.7,5680.3,mg,,mg_dw,F-T3-G6-I22-EP,5571.4,NA,mg,,mg_dw,26/10/2021,,01/11/2021,27/10/2021,,,0,1,,
23,6,3,,360,mg_ww/day,283.5,440.2,632.8,827.5,,,,,mg,E-T3-G6-I23-CA,5539.1,5672.6,mg,,mg_dw,F-T3-G6-I23-CA,5537.5,NA,mg,,mg_dw,26/10/2021,,,27/10/2021,,,1,NA,,
24,6,3,M,360,mg_ww/day,365.9,504.9,722.4,487.6,,315.2,102.3,43.4,mg,E-T3-G6-I24-EP,5529.4,5613.8,mg,,mg_dw,F-T3-G6-I24-EP,5538.1,NA,mg,,mg_dw,26/10/2021,29/10/2021,01/11/2021,27/10/2021,,,0,1,,
25,7,4,,480,mg_ww/day,354.7,541.8,786.7,578.3,,,,,mg,E-T4-G7-I25-CA,5571,5675.5,mg,,mg_dw,F-T4-G7-I25-CA,5581.2,5601.8,mg,,mg_dw,26/10/2021,29/10/2021,,27/10/2021,,,1,NA,,
26,7,4,M,480,mg_ww/day,270.6,458.6,645.3,925,,406.6,156.1,72.5,mg,E-T4-G7-I26-EP,5542.5,5736.5,mg,,mg_dw,F-T4-G7-I26-EP,5546.9,5547.5,mg,,mg_dw,26/10/2021,,01/11/2021,27/10/2021,,,0,1,,
27,7,4,,480,mg_ww/day,278.7,475.4,676.8,584.8,,,,,mg,E-T4-G7-I27-CA,5564.2,5750.2,mg,,mg_dw,F-T4-G7-I27-CA,5560.1,5570.7,mg,,mg_dw,26/10/2021,29/10/2021,,27/10/2021,,,1,NA,,
28,7,4,M,480,mg_ww/day,268.8,491.2,664.6,925.4,,389.5,137.8,64.2,mg,E-T4-G7-I28-EP,5535.7,5676.4,mg,,mg_dw,F-T4-G7-I28-EP,5558,5558.8,mg,,mg_dw,26/10/2021,,01/11/2021,27/10/2021,,,0,1,,
29,8,4,,480,mg_ww/day,302.3,513.3,678.8,542.4,,,,,mg,E-T4-G8-I29-CA,5556.2,5699.7,mg,,mg_dw,F-T4-G8-I29-CA,5535.7,NA,mg,,mg_dw,26/10/2021,29/10/2021,,27/10/2021,,,1,NA,,
30,8,4,M,480,mg_ww/day,284.3,514.6,709.7,931.2,,374.5,141.4,56.8,mg,E-T4-G8-I30-EP,5552,5749.4,mg,,mg_dw,F-T4-G8-I30-EP,5565.7,NA,mg,,mg_dw,26/10/2021,,01/11/2021,27/10/2021,,,0,1,,
31,8,4,,480,mg_ww/day,280.5,499.4,721,924.1,,,,,mg,E-T4-G8-I31-CA,5567.1,5771.3,mg,,mg_dw,F-T4-G8-I31-CA,5549.2,NA,mg,,mg_dw,26/10/2021,,,27/10/2021,,,1,NA,,
32,8,4,M,480,mg_ww/day,223.7,430.5,623.4,901.9,,385.6,135.8,60.8,mg,E-T4-G8-I32-EP,5552.1,5730.2,mg,,mg_dw,F-T4-G8-I32-EP,5550.4,5568,mg,,mg_dw,26/10/2021,,01/11/2021,27/10/2021,,,0,1,,
33,9,5,,900,mg_ww/day,301.4,652.9,1067.3,724.9,,,,,mg,E-T5-G9-I33-CA,5535.4,5727,mg,,mg_dw,F-T5-G9-I33-CA,5559.8,5638.6,mg,,mg_dw,26/10/2021,29/10/2021,,27/10/2021,,,1,NA,,
34,9,5,M,900,mg_ww/day,330,609.2,952.6,584,,376.8,132.7,60.2,mg,E-T5-G9-I34-EP,5557.1,5751,mg,,mg_dw,F-T5-G9-I34-EP,5551.4,5659.5,mg,,mg_dw,26/10/2021,29/10/2021,01/11/2021,27/10/2021,,,0,1,,
35,9,5,,900,mg_ww/day,249.6,478,824.3,1078.1,,,,,mg,E-T5-G9-I35-CA,5544.3,5796.8,mg,,mg_dw,F-T5-G9-I35-CA,5560.7,5767.6,mg,,mg_dw,26/10/2021,,,27/10/2021,,,1,NA,,
36,9,5,F,900,mg_ww/day,378.2,639.6,995,693.4,,396.3,178.5,70.2,mg,E-T5-G9-I36-EP,5532.5,5739.3,mg,,mg_dw,F-T5-G9-I36-EP,5519.2,5617.2,mg,,mg_dw,26/10/2021,29/10/2021,01/11/2021,27/10/2021,,,0,1,,
37,10,5,,900,mg_ww/day,288.9,533.4,869.3,1193,,,,,mg,E-T5-G10-I37-CA,5551.2,5859.8,mg,,mg_dw,F-T5-G10-I37-CA,5529.9,5672.8,mg,,mg_dw,26/10/2021,,,27/10/2021,,,1,NA,,
38,10,5,F,900,mg_ww/day,383.7,511.5,766.4,1206,,410.6,185.2,70.7,mg,E-T5-G10-I38-EP,5559,5706.2,mg,,mg_dw,F-T5-G10-I38-EP,5559.8,5750.6,mg,,mg_dw,26/10/2021,,01/11/2021,27/10/2021,27/10/2021,,0,1,1,collection error
39,10,5,,900,mg_ww/day,304.7,522.6,898.3,662.3,,,,,mg,E-T5-G10-I39-CA,5539.8,5708.4,mg,,mg_dw,F-T5-G10-I39-CA,5564.6,5703,mg,,mg_dw,26/10/2021,29/10/2021,,27/10/2021,,,1,NA,,
40,10,5,F,900,mg_ww/day,333.7,590.5,996.7,1203.2,,456.1,219.5,93.3,mg,E-T5-G10-I40-EP,5563.8,5753.7,mg,,mg_dw,F-T5-G10-I40-EP,5537,5615.1,mg,,mg_dw,26/10/2021,29/10/2021,01/11/2021,27/10/2021,,,0,1,,
41,11,1,,120,mg_ww/day,352.4,414.8,472.6,552.9,,,,,mg,E-T1-G11-I41-CA,5553.7,5582.7,mg,,mg_dw,F-T1-G11-I41-CA,5532.4,,mg,,mg_dw,02/11/2021,,,03/11/2021,,,1,NA,,
42,11,1,M,120,mg_ww/day,279.4,332.7,405,448.2,,204,103.7,27.4,mg,E-T1-G11-I42-EP,5552.2,5585.4,mg,,mg_dw,F-T1-G11-I42-EP,5543.6,,mg,,mg_dw,02/11/2021,,10/11/2021,03/11/2021,,,0,1,,
43,11,1,,120,mg_ww/day,266.1,325.1,376.5,426.2,,,,,mg,E-T1-G11-I43-CA,5561.7,5598.5,mg,,mg_dw,F-T1-G11-I43-CA,5572.6,,mg,,mg_dw,02/11/2021,,,03/11/2021,,,1,NA,,
44,11,1,M,120,mg_ww/day,264.9,320.3,386.1,438.9,,195.5,138.7,26.5,mg,E-T1-G11-I44-EP,5533.9,5567.1,mg,,mg_dw,F-T1-G11-I44-EP,5549.8,,mg,,mg_dw,02/11/2021,,11/11/2021,03/11/2021,,,0,1,,
45,12,1,,120,mg_ww/day,252.5,302.5,351.1,426,,,,,mg,E-T1-G12-I45-CA,5554.3,5589.6,mg,,mg_dw,F-T1-G12-I45-CA,5571.5,,mg,,mg_dw,02/11/2021,,,03/11/2021,,,1,NA,,
46,12,1,NA,120,mg_ww/day,307.2,366.1,409.5,449.7,,NA,NA,NA,mg,E-T1-G12-I46-EP,5560.5,5612.6,mg,,mg_dw,F-T1-G12-I46-EP,5549,,mg,,mg_dw,02/11/2021,,,03/11/2021,,,0,0,,
47,12,1,,120,mg_ww/day,277,340.3,402.6,459.6,,,,,mg,E-T1-G12-I47-CA,5569.1,5603.2,mg,,mg_dw,F-T1-G12-I47-CA,5540.8,,mg,,mg_dw,02/11/2021,,,03/11/2021,,,1,NA,,
48,12,1,F,120,mg_ww/day,339,387.2,444.6,500.2,,211.4,135.8,37.2,mg,E-T1-G12-I48-EP,5539.2,5575.3,mg,,mg_dw,F-T1-G12-I48-EP,5534.6,,mg,,mg_dw,02/11/2021,,09/11/2021,03/11/2021,,,0,1,,
49,13,2,,240,mg_ww/day,292.6,395.4,538.8,677.7,,,,,mg,E-T2-G13-I49-CA,5533.9,5618,mg,,mg_dw,F-T2-G13-I49-CA,5561.4,,mg,,mg_dw,02/11/2021,,,03/11/2021,,,1,NA,,
50,13,2,M,240,mg_ww/day,332.6,450.3,577.8,713.5,,294.2,233.3,60.4,mg,E-T2-G13-I50-EP,5532.8,5602.9,mg,,mg_dw,F-T2-G13-I50-EP,5537.8,,mg,,mg_dw,02/11/2021,,09/11/2021,03/11/2021,,,0,1,,
51,13,2,,240,mg_ww/day,262.3,392.9,519.8,653.7,,,,,mg,E-T2-G13-I51-CA,5535.2,5615.7,mg,,mg_dw,F-T2-G13-I51-CA,5535.3,,mg,,mg_dw,02/11/2021,,,03/11/2021,,,1,NA,,
52,13,2,F,240,mg_ww/day,270.3,368,514.7,659.9,,286.9,189.5,55.3,mg,E-T2-G13-I52-EP,5554.4,5641.9,mg,,mg_dw,F-T2-G13-I52-EP,5547.6,,mg,,mg_dw,02/11/2021,,09/11/2021,03/11/2021,,,0,1,,
53,14,2,,240,mg_ww/day,256.8,371.2,510.6,642,,,,,mg,E-T2-G14-I53-CA,5548.2,5629.1,mg,,mg_dw,F-T2-G14-I53-CA,5571.1,,mg,,mg_dw,02/11/2021,,,03/11/2021,,,1,NA,,
54,14,2,F,240,mg_ww/day,267.2,394.9,528.2,661.9,,284.1,180.9,53.5,mg,E-T2-G14-I54-EP,5518.4,5588.3,mg,,mg_dw,F-T2-G14-I54-EP,5554.2,,mg,,mg_dw,02/11/2021,,09/11/2021,03/11/2021,,,0,1,,
55,14,2,,240,mg_ww/day,293.4,422.5,539,681.8,,,,,mg,E-T2-G14-I55-CA,5538.1,5612.7,mg,,mg_dw,F-T2-G14-I55-CA,5543.6,,mg,,mg_dw,02/11/2021,,,03/11/2021,,,1,NA,,
56,14,2,M,240,mg_ww/day,376.2,470.9,630.1,551.7,,281.6,155.8,49.4,mg,E-T2-G14-I56-EP,5566.7,5618,mg,,mg_dw,F-T2-G14-I56-EP,5557.4,,mg,,mg_dw,02/11/2021,05/11/2021,08/11/2021,03/11/2021,,,0,1,,
57,15,3,,360,mg_ww/day,343.7,499.8,734.3,918.6,,,,,mg,E-T3-G15-I57-CA,5540.5,5661,mg,,mg_dw,F-T3-G15-I57-CA,5564.6,,mg,,mg_dw,02/11/2021,,,03/11/2021,,,1,NA,,
58,15,3,F,360,mg_ww/day,311.5,458,654.9,852.7,,385.6,225.8,76.8,mg,E-T3-G15-I58-EP,5561.7,5696,mg,,mg_dw,F-T3-G15-I58-EP,5549.1,,mg,,mg_dw,02/11/2021,,09/11/2021,03/11/2021,,,0,1,,
59,15,3,,360,mg_ww/day,330.8,500.6,699.7,896.6,,,,,mg,E-T3-G15-I59-CA,5550.8,5663.5,mg,,mg_dw,F-T3-G15-I59-CA,5561.3,5565.5,mg,,mg_dw,02/11/2021,,,03/11/2021,,,1,NA,,
60,15,3,F,360,mg_ww/day,307.2,456.8,677.9,888.3,,359.1,221.5,78.1,mg,E-T3-G15-I60-EP,5564.6,5688.6,mg,,mg_dw,F-T3-G15-I60-EP,5562.6,,mg,,mg_dw,02/11/2021,,09/11/2021,03/11/2021,,,0,1,,
61,16,3,,360,mg_ww/day,278.4,452.7,653.8,831.4,,,,,mg,E-T3-G16-I61-CA,5520.7,5657.7,mg,,mg_dw,F-T3-G16-I61-CA,5535.6,,mg,,mg_dw,02/11/2021,,,03/11/2021,,,1,NA,,
62,16,3,M,360,mg_ww/day,346.3,488.3,734.2,462.6,,298.5,158.2,55,mg,E-T3-G16-I62-EP,5571.5,5649.3,mg,,mg_dw,F-T3-G16-I62-EP,5546.4,,mg,,mg_dw,02/11/2021,05/11/2021,08/11/2021,03/11/2021,,,0,1,,
63,16,3,,360,mg_ww/day,242.9,415.3,577.3,768.9,,,,,mg,E-T3-G16-I63-CA,5562.8,5698.4,mg,,mg_dw,F-T3-G16-I63-CA,5546.8,5555.6,mg,,mg_dw,02/11/2021,,,03/11/2021,,,1,NA,,
64,16,3,M,360,mg_ww/day,339.1,473.3,705.8,538.7,,322.6,218.5,59.8,mg,E-T3-G16-I64-EP,5570.1,5660.9,mg,,mg_dw,F-T3-G16-I64-EP,5546.4,,mg,,mg_dw,02/11/2021,05/11/2021,08/11/2021,03/11/2021,,,0,1,,
65,17,4,,480,mg_ww/day,279.7,469.6,675.7,906,,,,,mg,E-T4-G17-I65-CA,5548.5,5729.6,mg,,mg_dw,F-T4-G17-I65-CA,5541.4,5552.5,mg,,mg_dw,02/11/2021,,,03/11/2021,,,1,NA,,
66,17,4,F,480,mg_ww/day,318.8,562.6,784.8,974.3,,397.7,248.6,85.2,mg,E-T4-G17-I66-EP,5549.3,5732.3,mg,,mg_dw,F-T4-G17-I66-EP,5555.8,,mg,,mg_dw,02/11/2021,,08/11/2021,03/11/2021,,,0,1,,
67,17,4,,480,mg_ww/day,345.8,577.4,853.3,730.2,,,,,mg,E-T4-G17-I67-CA,5545.8,5664.7,mg,,mg_dw,F-T4-G17-I67-CA,5543.3,,mg,,mg_dw,02/11/2021,05/11/2021,,03/11/2021,,,1,NA,,
68,17,4,F,480,mg_ww/day,422.6,646.8,890.9,636,,380.6,243.8,83.5,mg,E-T4-G17-I68-EP,5529.7,5640.2,mg,,mg_dw,F-T4-G17-I68-EP,5559.6,,mg,,mg_dw,02/11/2021,05/11/2021,08/11/2021,03/11/2021,,,0,1,,
69,18,4,,480,mg_ww/day,326.4,536.6,705,550.3,,,,,mg,E-T4-G18-I69-CA,5549.5,5697.8,mg,,mg_dw,F-T4-G18-I69-CA,5554.4,,mg,,mg_dw,02/11/2021,05/11/2021,,03/11/2021,,,1,NA,,
70,18,4,F,480,mg_ww/day,305.1,512,695.6,940.2,,424.8,256.1,91.3,mg,E-T4-G18-I70-EP,5532.3,5714,mg,,mg_dw,F-T4-G18-I70-EP,5548.1,5559.2,mg,,mg_dw,02/11/2021,,08/11/2021,03/11/2021,,,0,1,,
71,18,4,,480,mg_ww/day,292.3,522.5,688.4,889.8,,,,,mg,E-T4-G18-I71-CA,5523.5,5750,mg,,mg_dw,F-T4-G18-I71-CA,5579.7,5590.7,mg,,mg_dw,02/11/2021,,,03/11/2021,,,1,NA,,
72,18,4,M,480,mg_ww/day,381.1,597.3,820,615.7,,360.3,242.1,72.3,mg,E-T4-G18-I72-EP,5555.3,5693.9,mg,,mg_dw,F-T4-G18-I72-EP,5546.9,,mg,,mg_dw,02/11/2021,05/11/2021,08/11/2021,03/11/2021,,,0,1,,
73,19,5,,900,mg_ww/day,354.6,662.2,1028.5,870.9,,,,,mg,E-T5-G19-I73-CA,5550,5784.6,mg,,mg_dw,F-T5-G19-I73-CA,5564.7,5606.8,mg,,mg_dw,02/11/2021,05/11/2021,,03/11/2021,,,1,NA,,
74,19,5,M,900,mg_ww/day,225.1,432.4,656.5,935.6,,370.8,248.7,79.1,mg,E-T5-G19-I74-EP,5565.3,5784.2,mg,,mg_dw,F-T5-G19-I74-EP,5555.7,5830.1,mg,,mg_dw,02/11/2021,,09/11/2021,03/11/2021,,,0,1,,
75,19,5,,900,mg_ww/day,293.9,516.8,881.6,565.6,,,,,mg,E-T5-G19-I75-CA,5550.9,5706,mg,,mg_dw,F-T5-G19-I75-CA,5554.6,5692,mg,,mg_dw,02/11/2021,05/11/2021,,03/11/2021,,,1,NA,,
76,19,5,F,900,mg_ww/day,363.6,646.3,1021,779.9,,415.2,258.3,95.5,mg,E-T5-G19-I76-EP,5533.6,5735.5,mg,,mg_dw,F-T5-G19-I76-EP,5543.9,5625.6,mg,,mg_dw,02/11/2021,05/11/2021,08/11/2021,03/11/2021,,,0,1,,
77,20,5,,900,mg_ww/day,384.8,629.7,1086,673.3,,,,,mg,E-T5-G20-I77-CA,5552.2,5750.8,mg,,mg_dw,F-T5-G20-I77-CA,5558.5,5650.8,mg,,mg_dw,02/11/2021,05/11/2021,,03/11/2021,,,1,NA,,
78,20,5,F,900,mg_ww/day,322.9,584.5,936.8,1233.9,,462.8,282.5,110.5,mg,E-T5-G20-I78-EP,5565.9,5838.9,mg,,mg_dw,F-T5-G20-I78-EP,5568.9,5711.3,mg,,mg_dw,02/11/2021,,09/11/2021,03/11/2021,,,0,1,,
79,20,5,,900,mg_ww/day,272.3,515.8,828.1,1076.9,,,,,mg,E-T5-G20-I79-CA,5548.2,5800.2,mg,,mg_dw,F-T5-G20-I79-CA,5524.8,5721.2,mg,,mg_dw,02/11/2021,,,03/11/2021,,,1,NA,,
80,20,5,M,900,mg_ww/day,348.5,726.5,1091.9,614.5,,394.1,214.8,85.2,mg,E-T5-G20-I80-EP,5563.3,5781.5,mg,,mg_dw,F-T5-G20-I80-EP,5561.6,5602.3,mg,,mg_dw,02/11/2021,05/11/2021,08/11/2021,03/11/2021,,,0,1,,
81,21,1,,120,mg_ww/day,306.9,381.8,447.7,505.9,,,,,mg,E-T1-G21-I81-CA,5515.1,5544.7,mg,,mg_dw,F-T1-G21-I81-CA,5546.5,,mg,,mg_dw,09/11/2021,,,10/11/2021,,,1,NA,,
82,21,1,M,120,mg_ww/day,275,342.8,396.9,451.4,,215.7,69.5,20.4,mg,E-T1-G21-I82-EP,5560.7,5595,mg,,mg_dw,F-T1-G21-I82-EP,5546,,mg,,mg_dw,09/11/2021,,16/11/2021,10/11/2021,,,0,1,,
83,21,1,,120,mg_ww/day,297.6,362,428.3,463.7,,,,,mg,E-T1-G21-I83-CA,5551.6,5592,mg,,mg_dw,F-T1-G21-I83-CA,5557.8,,mg,,mg_dw,09/11/2021,,,10/11/2021,,,1,NA,,
84,21,1,F,120,mg_ww/day,417.2,480.6,519.8,579.3,,249.1,134.6,38.4,mg,E-T1-G21-I84-EP,5575.4,5620.1,mg,,mg_dw,F-T1-G21-I84-EP,5583.6,,mg,,mg_dw,09/11/2021,,16/11/2021,10/11/2021,,,0,1,,
85,22,1,,120,mg_ww/day,390.9,450.4,473.7,522.1,,,,,mg,E-T1-G22-I85-CA,5517.5,5572.1,mg,,mg_dw,F-T1-G22-I85-CA,5538,,mg,,mg_dw,09/11/2021,,,10/11/2021,,,1,NA,,
86,22,1,M,120,mg_ww/day,294.4,352.2,411.2,467.2,,226.8,101.9,30.5,mg,E-T1-G22-I86-EP,5561.2,5595.4,mg,,mg_dw,F-T1-G22-I86-EP,5534.5,,mg,,mg_dw,09/11/2021,,16/11/2021,10/11/2021,,,0,1,,
87,22,1,,120,mg_ww/day,421.5,463,520.6,568.5,,,,,mg,E-T1-G22-I87-CA,5549.3,5589.9,mg,,mg_dw,F-T1-G22-I87-CA,5534.3,,mg,,mg_dw,09/11/2021,,,10/11/2021,,,1,NA,,
88,22,1,M,120,mg_ww/day,348.2,400.7,450.9,510,,244.5,105.9,34.3,mg,E-T1-G22-I88-EP,5565.5,5603.7,mg,,mg_dw,F-T1-G22-I88-EP,5549.4,,mg,,mg_dw,09/11/2021,,15/11/2021,10/11/2021,,,0,1,,
89,23,2,,240,mg_ww/day,404.9,502,640.2,749,,,,,mg,E-T2-G23-I89-CA,5540.2,5625.9,mg,,mg_dw,F-T2-G23-I89-CA,5565.2,,mg,,mg_dw,09/11/2021,,,10/11/2021,,,1,NA,,
90,23,2,M,240,mg_ww/day,366.8,501.9,614.3,753.9,,335.4,139.2,52.1,mg,E-T2-G23-I90-EP,5535.1,5607.3,mg,,mg_dw,F-T2-G23-I90-EP,5576.1,,mg,,mg_dw,09/11/2021,,15/11/2021,10/11/2021,,,0,1,,
91,23,2,,240,mg_ww/day,342.1,465.8,611.2,709.9,,,,,mg,E-T2-G23-I91-CA,5561.4,5638.4,mg,,mg_dw,F-T2-G23-I91-CA,5555.7,,mg,,mg_dw,09/11/2021,,,10/11/2021,,,1,NA,,
92,23,2,M,240,mg_ww/day,284.9,376.6,520.6,665.8,,299.1,167.9,50.6,mg,E-T2-G23-I92-EP,5553.1,5644,mg,,mg_dw,F-T2-G23-I92-EP,5550.7,,mg,,mg_dw,09/11/2021,,15/11/2021,10/11/2021,,,0,1,,
93,24,2,,240,mg_ww/day,406,507.8,640.9,769.4,,,,,mg,E-T2-G24-I93-CA,5548,5633.2,mg,,mg_dw,F-T2-G24-I93-CA,5556.5,,mg,,mg_dw,09/11/2021,,,10/11/2021,,,1,NA,,
94,24,2,NA,240,mg_ww/day,229.6,330.1,411.5,366.8,,NA,NA,NA,mg,E-T2-G24-I94-EP,5541.6,5623.4,mg,,mg_dw,F-T2-G24-I94-EP,5555.3,,mg,,mg_dw,09/11/2021,,,10/11/2021,,,0,NA,1,stage error
95,24,2,,240,mg_ww/day,322.3,438.5,559.3,683.6,,,,,mg,E-T2-G24-I95-CA,5552.3,5628.5,mg,,mg_dw,F-T2-G24-I95-CA,5548.1,,mg,,mg_dw,09/11/2021,,,10/11/2021,,,1,NA,,
96,24,2,M,240,mg_ww/day,290.6,382.9,542,683.3,,285.2,214.2,51,mg,E-T2-G24-I96-EP,5559.7,5642.4,mg,,mg_dw,F-T2-G24-I96-EP,5555.3,,mg,,mg_dw,09/11/2021,,15/11/2021,10/11/2021,,,0,1,,
97,25,3,,360,mg_ww/day,295.2,449.7,661.6,530.5,,,,,mg,E-T3-G25-I97-CA,5550.4,5632.4,mg,,mg_dw,F-T3-G25-I97-CA,5538.9,,mg,,mg_dw,09/11/2021,12/11/2021,,10/11/2021,,,1,NA,,
98,25,3,M,360,mg_ww/day,374.4,507.4,736,862,,369.5,228.6,67.8,mg,E-T3-G25-I98-EP,5564.4,5699.3,mg,,mg_dw,F-T3-G25-I98-EP,5561.9,,mg,,mg_dw,09/11/2021,,15/11/2021,10/11/2021,,,0,1,,
99,25,3,,360,mg_ww/day,443.4,590.4,797.9,1000.6,,,,,mg,E-T3-G25-I99-CA,5564.7,5702,mg,,mg_dw,F-T3-G25-I99-CA,5549.4,,mg,,mg_dw,09/11/2021,,,10/11/2021,,,1,NA,,
100,25,3,F,360,mg_ww/day,217.4,395.9,547.6,741.4,,321.6,198.1,65.7,mg,E-T3-G25-I100-EP,5568.3,5687.8,mg,,mg_dw,F-T3-G25-I100-EP,5532,5537.2,mg,,mg_dw,09/11/2021,,15/11/2021,10/11/2021,,,0,1,,
101,26,3,,360,mg_ww/day,339.6,514.3,725,939,,,,,mg,E-T3-G26-I101-CA,5546.8,5657.4,mg,,mg_dw,F-T3-G26-I101-CA,5565.9,,mg,,mg_dw,09/11/2021,,,10/11/2021,,,1,NA,,
102,26,3,F,360,mg_ww/day,335.7,503.5,706.9,894,,351.5,215.6,76.4,mg,E-T3-G26-I102-EP,5557.1,5677.5,mg,,mg_dw,F-T3-G26-I102-EP,5564.4,,mg,,mg_dw,09/11/2021,,15/11/2021,10/11/2021,,,0,1,,
103,26,3,,360,mg_ww/day,375.3,496.2,705.9,519,,,,,mg,E-T3-G26-I103-CA,5555.4,5644,mg,,mg_dw,F-T3-G26-I103-CA,5529.9,,mg,,mg_dw,09/11/2021,12/11/2021,,10/11/2021,,,1,NA,,
104,26,3,M,360,mg_ww/day,346.6,486.5,669.3,871.9,,349.6,212.8,66.1,mg,E-T3-G26-I104-EP,5539.9,5670.5,mg,,mg_dw,F-T3-G26-I104-EP,5537,,mg,,mg_dw,09/11/2021,,15/11/2021,10/11/2021,,,0,1,,
105,27,4,,480,mg_ww/day,257.6,481.8,687.1,901.3,,,,,mg,E-T4-G27-I105-CA,5573.5,5747.6,mg,,mg_dw,F-T4-G27-I105-CA,5550.2,5561.8,mg,,mg_dw,09/11/2021,,,10/11/2021,,,1,NA,,
106,27,4,M,480,mg_ww/day,281.5,498.8,696.3,527.9,,327.7,163.5,62.3,mg,E-T4-G27-I106-EP,5524.1,5648,mg,,mg_dw,F-T4-G27-I106-EP,5557.6,5566.4,mg,,mg_dw,09/11/2021,12/11/2021,15/11/2021,10/11/2021,,,0,1,,
107,27,4,,480,mg_ww/day,236.8,451.5,629.5,842.3,,,,,mg,E-T4-G27-I107-CA,5555.4,5746.6,mg,,mg_dw,F-T4-G27-I107-CA,5549.1,5559.7,mg,,mg_dw,09/11/2021,,,10/11/2021,,,1,NA,,
108,27,4,F,480,mg_ww/day,418.2,604.1,861.1,540.7,,344.2,224.8,74.4,mg,E-T4-G27-I108-EP,5525.3,5648.2,mg,,mg_dw,F-T4-G27-I108-EP,5565.3,,mg,,mg_dw,09/11/2021,12/11/2021,15/11/2021,10/11/2021,,,0,1,,
109,28,4,,480,mg_ww/day,312.3,510.5,771.1,1020,,,,,mg,E-T4-G28-I109-CA,5536.5,5717.7,mg,,mg_dw,F-T4-G28-I109-CA,5549.6,5553.1,mg,,mg_dw,09/11/2021,,,10/11/2021,,,1,NA,,
110,28,4,F,480,mg_ww/day,420.1,619.3,840,1034.9,,418.7,251.1,90.4,mg,E-T4-G28-I110-EP,5540.4,5732.4,mg,,mg_dw,F-T4-G28-I110-EP,5519.2,,mg,,mg_dw,09/11/2021,,15/11/2021,10/11/2021,,,0,1,,
111,28,4,,480,mg_ww/day,261.5,442.6,640.5,843.3,,,,,mg,E-T4-G28-I111-CA,5556.7,5738.6,mg,,mg_dw,F-T4-G28-I111-CA,5547.5,5572.7,mg,,mg_dw,09/11/2021,,,10/11/2021,,,1,NA,,
112,28,4,M,480,mg_ww/day,304.9,512.9,678.6,834.1,,392,269,76.4,mg,E-T4-G28-I112-EP,5575.2,5752.8,mg,,mg_dw,F-T4-G28-I112-EP,5562.9,5566.2,mg,,mg_dw,09/11/2021,,15/11/2021,10/11/2021,,,0,1,,
113,29,5,,900,mg_ww/day,422.5,650.4,1126.2,597.3,,,,,mg,E-T5-G29-I113-CA,5569,5739.1,mg,,mg_dw,F-T5-G29-I113-CA,5557.1,5647.5,mg,,mg_dw,09/11/2021,12/11/2021,,10/11/2021,,,1,NA,,
114,29,5,F,900,mg_ww/day,364.5,615.7,1002.4,1296.7,,508.6,323.7,121.3,mg,E-T5-G29-I114-EP,5533.4,5860.4,mg,,mg_dw,F-T5-G29-I114-EP,5565.8,5643.4,mg,,mg_dw,09/11/2021,,15/11/2021,10/11/2021,,,0,1,,
115,29,5,,900,mg_ww/day,312.7,571.2,891.8,1160.5,,,,,mg,E-T5-G29-I115-CA,5545,5834.1,mg,,mg_dw,F-T5-G29-I115-CA,5567.1,5732.7,mg,,mg_dw,09/11/2021,,,10/11/2021,,,1,NA,,
116,29,5,F,900,mg_ww/day,408.9,629.2,1072.5,1406.6,,502.9,383.6,116.3,mg,E-T5-G29-I116-EP,5543.7,5868.3,mg,,mg_dw,F-T5-G29-I116-EP,5547.1,5659.7,mg,,mg_dw,09/11/2021,,15/11/2021,10/11/2021,,,0,1,,
117,30,5,,900,mg_ww/day,364.2,632.4,1009.1,1310.2,,,,,mg,E-T5-G30-I117-CA,5573.2,5890.9,mg,,mg_dw,F-T5-G30-I117-CA,5546.2,5644.4,mg,,mg_dw,09/11/2021,,,10/11/2021,,,1,NA,,
118,30,5,M,900,mg_ww/day,260.9,452.6,761.5,1037.1,,412.2,224.2,83.7,mg,E-T5-G30-I118-EP,5559.6,5816.1,mg,,mg_dw,F-T5-G30-I118-EP,5557.3,5759.4,mg,,mg_dw,09/11/2021,,15/11/2021,10/11/2021,,,0,1,,
119,30,5,,900,mg_ww/day,287.1,537.8,854.1,542.6,,,,,mg,E-T5-G30-I119-CA,5570.6,5724.2,mg,,mg_dw,F-T5-G30-I119-CA,5573.1,5731.3,mg,,mg_dw,09/11/2021,12/11/2021,,10/11/2021,,,1,NA,,
120,30,5,M,900,mg_ww/day,311.1,554.5,938,1276.6,,452.6,322,99,mg,E-T5-G30-I120-EP,5545.8,5822,mg,,mg_dw,F-T5-G30-I120-EP,5548.3,5680.7,mg,,mg_dw,09/11/2021,,15/11/2021,10/11/2021,,,0,1,,
121,31,1,,120,mg_ww/day,396.7,449,485.1,533.7,78.1,,,,mg,E-T1-G31-I121-CA,5540.6,5586.4,mg,,mg_dw,F-T1-G31-I121-CA,5556.6,,mg,,mg_dw,16/11/2021,,,17/11/2021,,,1,NA,,
122,31,1,M,120,mg_ww/day,347.8,402.8,445.5,498.3,,234.7,88.1,28.1,mg,E-T1-G31-I122-EP,5554.2,5590,mg,,mg_dw,F-T1-G31-I122-EP,5540.4,,mg,,mg_dw,16/11/2021,,23/11/2021,17/11/2021,,,0,1,,
123,31,1,,120,mg_ww/day,491.7,545.7,575.4,587.4,94.3,,,,mg,E-T1-G31-I123-CA,5551.2,5588.5,mg,,mg_dw,F-T1-G31-I123-CA,5562.4,,mg,,mg_dw,16/11/2021,,,17/11/2021,,,1,NA,,
124,31,1,F,120,mg_ww/day,362.8,412.2,451.1,479,,232,138,41.8,mg,E-T1-G31-I124-EP,5515.9,5552.3,mg,,mg_dw,F-T1-G31-I124-EP,5554.3,,mg,,mg_dw,16/11/2021,,23/11/2021,17/11/2021,,,0,1,,
125,32,1,,120,mg_ww/day,319.3,351.4,387.2,421.2,65.1,,,,mg,E-T1-G32-I125-CA,5565,5612.1,mg,,mg_dw,F-T1-G32-I125-CA,5535.7,,mg,,mg_dw,16/11/2021,,,17/11/2021,,,1,NA,,
126,32,1,M,120,mg_ww/day,274.1,334.4,385.6,431.1,,219.6,81.1,26,mg,E-T1-G32-I126-EP,5535.8,5567.8,mg,,mg_dw,F-T1-G32-I126-EP,5554.7,,mg,,mg_dw,16/11/2021,,23/11/2021,17/11/2021,,,0,1,,
127,32,1,,120,mg_ww/day,303.7,348.8,385.7,425.2,63.5,,,,mg,E-T1-G32-I127-CA,5537.1,5577.2,mg,,mg_dw,F-T1-G32-I127-CA,5534.1,,mg,,mg_dw,16/11/2021,,,17/11/2021,,,1,NA,,
128,32,1,M,120,mg_ww/day,376.8,414.7,452.8,490.3,,254.6,132,37.9,mg,E-T1-G32-I128-EP,5551.8,5594.1,mg,,mg_dw,F-T1-G32-I128-EP,5552.3,,mg,,mg_dw,16/11/2021,,23/11/2021,17/11/2021,,,0,1,,
129,33,2,,240,mg_ww/day,458.8,568,688.2,507.6,91.8,,,,mg,E-T2-G33-I129-CA,5565.1,5618.6,mg,,mg_dw,F-T2-G33-I129-CA,5548.2,,mg,,mg_dw,16/11/2021,19/11/2021,,17/11/2021,,,1,NA,,
130,33,2,F,240,mg_ww/day,311.9,411.3,519.1,615.8,,297.3,185.1,57,mg,E-T2-G33-I130-EP,5570.6,5650.5,mg,,mg_dw,F-T2-G33-I130-EP,5554,,mg,,mg_dw,16/11/2021,,23/11/2021,17/11/2021,,,0,1,,
131,33,2,,240,mg_ww/day,395.2,505.4,645.2,477.1,85.2,,,,mg,E-T2-G33-I131-CA,5557.1,5609.8,mg,,mg_dw,F-T2-G33-I131-CA,5538,,mg,,mg_dw,16/11/2021,19/11/2021,,17/11/2021,,,1,NA,,
132,33,2,M,240,mg_ww/day,392.8,508.5,626.4,444.3,,286.6,158.3,51.4,mg,E-T2-G33-I132-EP,5546.9,5594.7,mg,,mg_dw,F-T2-G33-I132-EP,5542,,mg,,mg_dw,16/11/2021,19/11/2021,22/11/2021,17/11/2021,,,0,1,,
133,34,2,,240,mg_ww/day,408.1,530.8,672.5,463.1,86.5,,,,mg,E-T2-G34-I133-CA,5519.7,5576.7,mg,,mg_dw,F-T2-G34-I133-CA,5542.9,,mg,,mg_dw,16/11/2021,19/11/2021,,17/11/2021,,,1,NA,,
134,34,2,M,240,mg_ww/day,416.8,515.9,636.5,482.9,,294.8,189.3,52.5,mg,E-T2-G34-I134-EP,5567.4,5621.9,mg,,mg_dw,F-T2-G34-I134-EP,5551.4,,mg,,mg_dw,16/11/2021,19/11/2021,22/11/2021,17/11/2021,,,0,1,,
135,34,2,,240,mg_ww/day,366.4,485,590.6,473.1,81.9,,,,mg,E-T2-G34-I135-CA,5540.1,5584.2,mg,,mg_dw,F-T2-G34-I135-CA,5578,,mg,,mg_dw,16/11/2021,19/11/2021,,17/11/2021,,,1,NA,,
136,34,2,F,240,mg_ww/day,345.2,468.1,585.4,713.2,,312.5,221.9,62.1,mg,E-T2-G34-I136-EP,5540.2,5609.8,mg,,mg_dw,F-T2-G34-I136-EP,5539.4,,mg,,mg_dw,16/11/2021,,22/11/2021,17/11/2021,,,0,1,,
137,35,3,,360,mg_ww/day,371,525.9,748.9,910.8,148.4,,,,mg,E-T3-G35-I137-CA,5554.9,5674.3,mg,,mg_dw,F-T3-G35-I137-CA,5552.6,,mg,,mg_dw,16/11/2021,,,17/11/2021,,,1,NA,,
138,35,3,F,360,mg_ww/day,370.9,542.2,734.3,893.9,,366.7,281.8,82.4,mg,E-T3-G35-I138-EP,5540.9,5663.2,mg,,mg_dw,F-T3-G35-I138-EP,5563.5,,mg,,mg_dw,16/11/2021,,22/11/2021,17/11/2021,,,0,1,,
139,35,3,,360,mg_ww/day,373.4,517,732,582.5,99.6,,,,mg,E-T3-G35-I139-CA,5570.9,5658.2,mg,,mg_dw,F-T3-G35-I139-CA,5554.3,,mg,,mg_dw,16/11/2021,19/11/2021,,17/11/2021,,,1,NA,,
140,35,3,M,360,mg_ww/day,390.1,527.5,741.4,564.5,,337,251.6,63,mg,E-T3-G35-I140-EP,5529.9,5612.1,mg,,mg_dw,F-T3-G35-I140-EP,5536.6,,mg,,mg_dw,16/11/2021,19/11/2021,22/11/2021,17/11/2021,,,0,1,,
141,36,3,,360,mg_ww/day,275.4,441.7,622.6,855.7,141.2,,,,mg,E-T3-G36-I141-CA,5561.9,5689,mg,,mg_dw,F-T3-G36-I141-CA,5555.4,,mg,,mg_dw,16/11/2021,,,17/11/2021,,,1,NA,,
142,36,3,M,360,mg_ww/day,327.3,476.1,655.9,879.7,,354.8,214.6,65.7,mg,E-T3-G36-I142-EP,5544.2,5676.5,mg,,mg_dw,F-T3-G36-I142-EP,5541.2,,mg,,mg_dw,16/11/2021,,22/11/2021,17/11/2021,,,0,1,,
143,36,3,,360,mg_ww/day,482.6,656,847.8,1018.3,159.2,,,,mg,E-T3-G36-I143-CA,5561.7,5687.5,mg,,mg_dw,F-T3-G36-I143-CA,5544.8,,mg,,mg_dw,16/11/2021,,,17/11/2021,,,1,NA,,
144,36,3,M,360,mg_ww/day,297.3,459,620.1,820.3,,351.3,189.2,66,mg,E-T3-G36-I144-EP,5552.8,5677.3,mg,,mg_dw,F-T3-G36-I144-EP,5559.4,,mg,,mg_dw,16/11/2021,,22/11/2021,17/11/2021,,,0,1,,
145,37,4,,480,mg_ww/day,436.2,637.7,919.4,663.1,131.4,,,,mg,E-T4-G37-I145-CA,5536.4,5648.9,mg,,mg_dw,F-T4-G37-I145-CA,5570.2,,mg,,mg_dw,16/11/2021,19/11/2021,,17/11/2021,,,1,NA,,
146,37,4,M,480,mg_ww/day,387.8,566.3,717.1,523.5,,345.2,189.7,68.1,mg,E-T4-G37-I146-EP,5544.7,5695.9,mg,,mg_dw,F-T4-G37-I146-EP,5514.2,,mg,,mg_dw,16/11/2021,19/11/2021,22/11/2021,17/11/2021,,,0,1,,
147,37,4,,480,mg_ww/day,438.7,595.3,810.2,983.3,181.1,,,,mg,E-T4-G37-I147-CA,5565.8,5738.8,mg,,mg_dw,F-T4-G37-I147-CA,5562,,mg,,mg_dw,16/11/2021,,,17/11/2021,,,1,NA,,
148,37,4,F,480,mg_ww/day,404.5,598.6,867,589.5,,368.2,222.4,79.2,mg,E-T4-G37-I148-EP,5561.4,5673.3,mg,,mg_dw,F-T4-G37-I148-EP,5567.1,,mg,,mg_dw,16/11/2021,19/11/2021,22/11/2021,17/11/2021,,,0,1,,
149,38,4,,480,mg_ww/day,468.3,654.9,915.2,1127.4,190.2,,,,mg,E-T4-G38-I149-CA,5545,5710.5,mg,,mg_dw,F-T4-G38-I149-CA,5540.6,,mg,,mg_dw,16/11/2021,,,17/11/2021,,,1,NA,,
150,38,4,M,480,mg_ww/day,340.7,529.5,740.7,550.4,,352.8,171.8,62.2,mg,E-T4-G38-I150-EP,5550,5696.1,mg,,mg_dw,F-T4-G38-I150-EP,5557.3,5561.8,mg,,mg_dw,16/11/2021,19/11/2021,22/11/2021,17/11/2021,,,0,1,,
151,38,4,,480,mg_ww/day,320.8,537.6,724.7,955,165.1,,,,mg,E-T4-G38-I151-CA,5571.6,5748.2,mg,,mg_dw,F-T4-G38-I151-CA,5554.9,,mg,,mg_dw,16/11/2021,,,17/11/2021,,,1,NA,,
152,38,4,M,480,mg_ww/day,352.3,569.9,774.2,569.6,,354.2,197.9,66.6,mg,E-T4-G38-I152-EP,5538.8,5677.8,mg,,mg_dw,F-T4-G38-I152-EP,5567.3,,mg,,mg_dw,16/11/2021,19/11/2021,22/11/2021,17/11/2021,,,0,1,,
153,39,5,,900,mg_ww/day,466.7,809.6,1194.8,841.6,160.1,,,,mg,E-T5-G39-I153-CA,5543.2,5752.7,mg,,mg_dw,F-T5-G39-I153-CA,5534.9,5583.2,mg,,mg_dw,16/11/2021,19/11/2021,,17/11/2021,,,1,NA,,
154,39,5,F,900,mg_ww/day,529.9,817.1,1156.8,742.8,,482,329.5,116.1,mg,E-T5-G39-I154-EP,5562,5786.6,mg,,mg_dw,F-T5-G39-I154-EP,5543.2,5591.5,mg,,mg_dw,16/11/2021,19/11/2021,22/11/2021,17/11/2021,,,0,1,,
155,39,5,,900,mg_ww/day,449.6,763.4,1191.9,656,143.5,,,,mg,E-T5-G39-I155-CA,5538.1,5720.9,mg,,mg_dw,F-T5-G39-I155-CA,5561.3,5633.5,mg,,mg_dw,16/11/2021,19/11/2021,,17/11/2021,,,1,NA,,
156,39,5,F,900,mg_ww/day,444.9,853.3,1194.2,770.5,,444.1,304.1,117.5,mg,E-T5-G39-I156-EP,5547.2,5781.8,mg,,mg_dw,F-T5-G39-I156-EP,5561.4,5575.6,mg,,mg_dw,16/11/2021,19/11/2021,22/11/2021,17/11/2021,,,0,1,,
157,40,5,,900,mg_ww/day,312.2,556.8,889.4,1163.3,198.6,,,,mg,E-T5-G40-I157-CA,5555.7,5865.5,mg,,mg_dw,F-T5-G40-I157-CA,5561,5678.2,mg,,mg_dw,16/11/2021,,,17/11/2021,,,1,NA,,
158,40,5,F,900,mg_ww/day,394.2,654.3,1106.7,1466.2,,516,321.6,120.5,mg,E-T5-G40-I158-EP,5534.1,5825.9,mg,,mg_dw,F-T5-G40-I158-EP,5569.6,5664.5,mg,,mg_dw,16/11/2021,,22/11/2021,17/11/2021,,,0,1,,
159,40,5,,900,mg_ww/day,308,572.4,920.6,587.8,115,,,,mg,E-T5-G40-I159-CA,5534.7,5694.7,mg,,mg_dw,F-T5-G40-I159-CA,5572.1,5701.7,mg,,mg_dw,16/11/2021,19/11/2021,,17/11/2021,,,1,NA,,
160,40,5,M,900,mg_ww/day,263.9,559.7,897,1046.3,,416.4,221.7,89.3,mg,E-T5-G40-I160-EP,5534.6,5810.2,mg,,mg_dw,F-T5-G40-I160-EP,5531.3,5711.8,mg,,mg_dw,16/11/2021,,22/11/2021,17/11/2021,,,0,1,,
161,41,1,,120,mg_ww/day,431,460.1,518.2,559.3,86.5,,,,mg,E-T1-G41-I161-CA,5573.4,5620.5,mg,,mg_dw,F-T1-G41-I161-CA,5554.3,,mg,,mg_dw,23/11/2021,,,24/11/2021,,,1,NA,,
162,41,1,M,120,mg_ww/day,377.6,426.6,491,550.4,,262.5,169.1,41.9,mg,E-T1-G41-I162-EP,5547.4,5576.9,mg,,mg_dw,F-T1-G41-I162-EP,5522.9,,mg,,mg_dw,23/11/2021,,30/11/2021,24/11/2021,,,0,,,
163,41,1,,120,mg_ww/day,453.7,479.8,556.2,597.5,99.5,,,,mg,E-T1-G41-I163-CA,5549.7,5585.4,mg,,mg_dw,F-T1-G41-I163-CA,5558.4,,mg,,mg_dw,23/11/2021,,,24/11/2021,,,1,NA,,
164,41,1,F,120,mg_ww/day,240.7,287,345.8,400.9,,179.5,140.7,29.6,mg,E-T1-G41-I164-EP,5527.5,5564.5,mg,,mg_dw,F-T1-G41-I164-EP,5575.1,,mg,,mg_dw,23/11/2021,,,24/11/2021,,,0,,,
165,42,1,,120,mg_ww/day,352.4,412,449.6,488.7,72.9,,,,mg,E-T1-G42-I165-CA,5549.9,5594.3,mg,,mg_dw,F-T1-G42-I165-CA,5563.5,,mg,,mg_dw,23/11/2021,,,24/11/2021,,,1,NA,,
166,42,1,F,120,mg_ww/day,410,457.1,505,573.2,,246.5,131.2,39.2,mg,E-T1-G42-I166-EP,5540.3,5574.5,mg,,mg_dw,F-T1-G42-I166-EP,5537.2,,mg,,mg_dw,23/11/2021,,30/11/2021,24/11/2021,,,0,,,
167,42,1,,120,mg_ww/day,257.2,308.9,367.8,437.4,65.3,,,,mg,E-T1-G42-I167-CA,5553.9,5595,mg,,mg_dw,F-T1-G42-I167-CA,5526.3,,mg,,mg_dw,23/11/2021,,,24/11/2021,,,1,NA,,
168,42,1,F,120,mg_ww/day,365,401.1,453.2,511.7,,233.1,137.8,39.6,mg,E-T1-G42-I168-EP,5542.4,5580.9,mg,,mg_dw,F-T1-G42-I168-EP,5552.6,,mg,,mg_dw,23/11/2021,,30/11/2021,24/11/2021,,,0,,,
169,43,2,,240,mg_ww/day,387,496.2,641.2,765.4,127.5,,,,mg,E-T2-G43-I169-CA,5551.9,5626.1,mg,,mg_dw,F-T2-G43-I169-CA,5563.6,,mg,,mg_dw,23/11/2021,,,24/11/2021,,,1,NA,,
170,43,2,M,240,mg_ww/day,257.9,341.7,450,579.4,,282.1,145.5,47.8,mg,E-T2-G43-I170-EP,5552.9,5643.6,mg,,mg_dw,F-T2-G43-I170-EP,5534.9,,mg,,mg_dw,23/11/2021,,30/11/2021,24/11/2021,,,0,,,
171,43,2,,240,mg_ww/day,298.1,379.8,510.1,627.3,102.5,,,,mg,E-T2-G43-I171-CA,5559.3,5646.9,mg,,mg_dw,F-T2-G43-I171-CA,5557,,mg,,mg_dw,23/11/2021,,,24/11/2021,,,1,NA,,
172,43,2,F,240,mg_ww/day,379.7,456.3,573.6,708.4,,296.5,164.5,54.1,mg,E-T2-G43-I172-EP,5529.9,5615.6,mg,,mg_dw,F-T2-G43-I172-EP,5518.1,,mg,,mg_dw,23/11/2021,,01/12/2021,24/11/2021,,,0,,,
173,44,2,,240,mg_ww/day,435.3,508,663.4,802.5,129,,,,mg,E-T2-G44-I173-CA,5538.8,5619.2,mg,,mg_dw,F-T2-G44-I173-CA,5528.3,,mg,,mg_dw,23/11/2021,,,24/11/2021,,,1,NA,,
174,44,2,F,240,mg_ww/day,368.2,465,628.5,754.3,,319.9,178,56.9,mg,E-T2-G44-I174-EP,5564,5640.7,mg,,mg_dw,F-T2-G44-I174-EP,5537,,mg,,mg_dw,23/11/2021,,30/11/2021,24/11/2021,,,0,,,
175,44,2,,240,mg_ww/day,274.1,366.2,474.3,623.4,96.7,,,,mg,E-T2-G44-I175-CA,5552.5,5638.8,mg,,mg_dw,F-T2-G44-I175-CA,5549.7,,mg,,mg_dw,23/11/2021,,,24/11/2021,,,1,NA,,
176,44,2,F,240,mg_ww/day,335.6,426,596.2,721.8,,312.2,185.3,59,mg,E-T2-G44-I176-EP,5566,5642.9,mg,,mg_dw,F-T2-G44-I176-EP,5552.6,,mg,,mg_dw,23/11/2021,,30/11/2021,24/11/2021,,,0,,,
177,45,3,,360,mg_ww/day,470.7,602.1,748.8,847.3,140.8,,,,mg,E-T3-G45-I177-CA,5521,5661.9,mg,,mg_dw,F-T3-G45-I177-CA,5564.4,,mg,,mg_dw,23/11/2021,,,24/11/2021,,,1,NA,,
178,45,3,M,360,mg_ww/day,406.2,530.7,720.1,607.4,,326.7,171.7,60.3,mg,E-T3-G45-I178-EP,5550.4,5650,mg,,mg_dw,F-T3-G45-I178-EP,5543.9,,mg,,mg_dw,23/11/2021,26/11/2021,29/11/2021,24/11/2021,,,0,,,
179,45,3,,360,mg_ww/day,350,500.3,620.5,858.3,124.2,,,,mg,E-T3-G45-I179-CA,5530.1,5673.7,mg,,mg_dw,F-T3-G45-I179-CA,5554.6,,mg,,mg_dw,23/11/2021,,,24/11/2021,,,1,NA,,
180,45,3,F,360,mg_ww/day,445.6,577.5,783.4,596.1,,351.5,189.8,62.6,mg,E-T3-G45-I180-EP,5524.9,5613,mg,,mg_dw,F-T3-G45-I180-EP,5547.5,,mg,,mg_dw,23/11/2021,26/11/2021,29/11/2021,24/11/2021,,,0,,,
181,46,3,,360,mg_ww/day,251.1,390,544.6,733.2,113.1,,,,mg,E-T3-G46-I181-CA,5532.6,5658.2,mg,,mg_dw,F-T3-G46-I181-CA,5580,5594.9,mg,,mg_dw,23/11/2021,,,24/11/2021,,,1,NA,,
182,46,3,M,360,mg_ww/day,302.3,462.6,595,798.4,,361.6,189.9,65.5,mg,E-T3-G46-I182-EP,5559.7,5698.6,mg,,mg_dw,F-T3-G46-I182-EP,5544.6,5549.7,mg,,mg_dw,23/11/2021,,30/11/2021,24/11/2021,,,0,,,
183,46,3,,360,mg_ww/day,355.1,499.6,666.1,878.4,143.4,,,,mg,E-T3-G46-I183-CA,5564.6,5694.9,mg,,mg_dw,F-T3-G46-I183-CA,5543.3,,mg,,mg_dw,23/11/2021,,,24/11/2021,,,1,NA,,
184,46,3,F,360,mg_ww/day,191.4,364.7,505.8,693.8,,321.9,181.1,62.5,mg,E-T3-G46-I184-EP,5547.8,5682.5,mg,,mg_dw,F-T3-G46-I184-EP,5544.2,5560.3,mg,,mg_dw,23/11/2021,,01/12/2021,24/11/2021,,,0,,,
185,47,4,,480,mg_ww/day,233.6,367.7,592,740.5,117.9,,,,mg,E-T4-G47-I185-CA,5541.3,5734.7,mg,,mg_dw,F-T4-G47-I185-CA,5573.7,5602.9,mg,,mg_dw,23/11/2021,,,24/11/2021,,,1,NA,,
186,47,4,M,480,mg_ww/day,252.8,430.4,631.3,775.5,,339.8,193.6,67.3,mg,E-T4-G47-I186-EP,5523,5713.8,mg,,mg_dw,F-T4-G47-I186-EP,5536.4,5574.9,mg,,mg_dw,23/11/2021,,30/11/2021,24/11/2021,,,0,,,
187,47,4,,480,mg_ww/day,352.5,545.2,736.7,608.3,107.9,,,,mg,E-T4-G47-I187-CA,5568.3,5701.2,mg,,mg_dw,F-T4-G47-I187-CA,5537.9,5552.5,mg,,mg_dw,23/11/2021,26/11/2021,,24/11/2021,,,1,NA,,
188,47,4,M,480,mg_ww/day,251.5,403.5,620.6,771.3,,377.2,149.4,62.4,mg,E-T4-G47-I188-EP,5541.5,5720.2,mg,,mg_dw,F-T4-G47-I188-EP,5558.2,5603,mg,,mg_dw,23/11/2021,,30/11/2021,24/11/2021,,,0,,,
189,48,4,,480,mg_ww/day,207.5,400.9,582.1,787.2,122.1,,,,mg,E-T4-G48-I189-CA,5552.7,5726.6,mg,,mg_dw,F-T4-G48-I189-CA,5529.1,5576.8,mg,,mg_dw,23/11/2021,,,24/11/2021,,,1,NA,,
190,48,4,F,480,mg_ww/day,426.2,613.4,779.5,1002.3,,420.1,259.6,89.6,mg,E-T4-G48-I190-EP,5546.5,5728.3,mg,,mg_dw,F-T4-G48-I190-EP,5540.2,,mg,,mg_dw,23/11/2021,,30/11/2021,24/11/2021,,,0,,,
191,48,4,,480,mg_ww/day,260.4,458.7,681.9,837.7,177.1,,,,mg,E-T4-G48-I191-CA,5545.2,5744,mg,,mg_dw,F-T4-G48-I191-CA,5561.5,5585.6,mg,,mg_dw,23/11/2021,,,24/11/2021,,,1,NA,,
192,48,4,M,480,mg_ww/day,273.3,431.6,664.2,850,,365.5,183.6,68.4,mg,E-T4-G48-I192-EP,5580.2,5758.7,mg,,mg_dw,F-T4-G48-I192-EP,5561.9,5595.6,mg,,mg_dw,23/11/2021,,30/11/2021,24/11/2021,,,0,,,
193,49,5,,900,mg_ww/day,288.9,480.2,750.3,1048.5,157.5,,,,mg,E-T5-G49-I193-CA,5578.4,5809.4,mg,,mg_dw,F-T5-G49-I193-CA,5547.9,5784,mg,,mg_dw,23/11/2021,,,24/11/2021,,,1,NA,,
194,49,5,M,900,mg_ww/day,270.7,476.1,725,984.7,,374.4,178.6,73.6,mg,E-T5-G49-I194-EP,5576.1,5800.8,mg,,mg_dw,F-T5-G49-I194-EP,5539.8,5797.1,mg,,mg_dw,23/11/2021,,30/11/2021,24/11/2021,,,0,,,
195,49,5,,900,mg_ww/day,354.1,545.4,880,1286.8,211.1,,,,mg,E-T5-G49-I195-CA,5567.7,5839,mg,,mg_dw,F-T5-G49-I195-CA,5560.6,5718.1,mg,,mg_dw,23/11/2021,,,24/11/2021,,,1,NA,,
196,49,5,F,900,mg_ww/day,275.1,465.7,684.5,1010.2,,374.2,209.5,78.5,mg,E-T5-G49-I196-EP,5567.1,5791.9,mg,,mg_dw,F-T5-G49-I196-EP,5555.6,5818.9,mg,,mg_dw,23/11/2021,,30/11/2021,24/11/2021,,,0,,,
197,50,5,,900,mg_ww/day,298.7,458,710.1,1019.7,163.4,,,,mg,E-T5-G50-I197-CA,5555.8,5775.9,mg,,mg_dw,F-T5-G50-I197-CA,5564.6,5823.7,mg,,mg_dw,23/11/2021,,,24/11/2021,,,1,NA,,
198,50,5,M,900,mg_ww/day,313.7,523.7,868.1,1128.5,,422.2,NA,NA,mg,E-T5-G50-I198-EP,5549.5,5796.6,mg,,mg_dw,F-T5-G50-I198-EP,5548.1,5751.4,mg,,mg_dw,23/11/2021,,30/11/2021,24/11/2021,,,0,,,
199,50,5,,900,mg_ww/day,224.4,409.1,617.3,911.6,143.5,,,,mg,E-T5-G50-I199-CA,5549.8,5750.2,mg,,mg_dw,F-T5-G50-I199-CA,5547.4,5839,mg,,mg_dw,23/11/2021,,,24/11/2021,,,1,NA,,
200,50,5,F,900,mg_ww/day,415.2,669,1021.9,1274.2,,491.5,313.8,118,mg,E-T5-G50-I200-EP,5528.9,5832.8,mg,,mg_dw,F-T5-G50-I200-EP,5576.7,5684.2,mg,,mg_dw,23/11/2021,,30/11/2021,24/11/2021,,,0,,,
201,51,1,,120,mg_ww/day,389.3,366.6,406.5,440,65.8,,,,mg,E-T1-G51-I201-CA,5528.8,5592.4,mg,,mg_dw,F-T1-G51-I201-CA,,,mg,,mg_dw,11/01/2022,,,12/01/2022,,,1,NA,,
202,51,1,M,120,mg_ww/day,336.8,312.8,359.6,418.8,,209.9,,,mg,E-T1-G51-I202-EP,5545.6,5590.2,mg,,mg_dw,F-T1-G51-I202-EP,,,mg,,mg_dw,11/01/2022,,19/01/2022,12/01/2022,,,0,,,
203,51,1,,120,mg_ww/day,298.5,281.5,326.8,374.2,58.8,,,,mg,E-T1-G51-I203-CA,5532.9,5588.7,mg,,mg_dw,F-T1-G51-I203-CA,,,mg,,mg_dw,11/01/2022,,,12/01/2022,,,1,NA,,
204,51,1,F,120,mg_ww/day,330.5,326.3,376.8,439.5,,187.9,,,mg,E-T1-G51-I204-EP,5539.6,5585.5,mg,,mg_dw,F-T1-G51-I204-EP,,,mg,,mg_dw,11/01/2022,,20/01/2022,12/01/2022,,,0,,,
205,52,1,,120,mg_ww/day,243.6,263.9,308.9,354.3,63.5,,,,mg,E-T1-G52-I205-CA,5563.3,5607.2,mg,,mg_dw,F-T1-G52-I205-CA,,,mg,,mg_dw,11/01/2022,,,12/01/2022,,,1,NA,,
206,52,1,M,120,mg_ww/day,285.9,276.2,322.1,363.9,,186.3,,,mg,E-T1-G52-I206-EP,5550.3,5611.7,mg,,mg_dw,F-T1-G52-I206-EP,,,mg,,mg_dw,11/01/2022,,19/01/2022,12/01/2022,,,0,,,
207,52,1,,120,mg_ww/day,346.6,344.4,401.8,457.5,79.1,,,,mg,E-T1-G52-I207-CA,5565.7,5605.9,mg,,mg_dw,F-T1-G52-I207-CA,,,mg,,mg_dw,11/01/2022,,,12/01/2022,,,1,NA,,
208,52,1,M,120,mg_ww/day,322.1,299.9,356.3,405.1,,206.4,,,mg,E-T1-G52-I208-EP,5560.2,5603.3,mg,,mg_dw,F-T1-G52-I208-EP,,,mg,,mg_dw,11/01/2022,,18/01/2022,12/01/2022,,,0,,,
209,53,2,,240,mg_ww/day,334.6,358,461.2,605.6,102,,,,mg,E-T2-G53-I209-CA,5549,5633.6,mg,,mg_dw,F-T2-G53-I209-CA,,,mg,,mg_dw,11/01/2022,,,12/01/2022,,,1,NA,,
210,53,2,M,240,mg_ww/day,237.1,259.7,304.8,386.1,,253.4,,,mg,E-T2-G53-I210-EP,5555.5,5658.5,mg,,mg_dw,F-T2-G53-I210-EP,5546,5550.6,mg,,mg_dw,11/01/2022,,18/01/2022,12/01/2022,,,0,,,
211,53,2,,240,mg_ww/day,339.8,381.3,497.2,599.9,110,,,,mg,E-T2-G53-I211-CA,5561.1,5643.8,mg,,mg_dw,F-T2-G53-I211-CA,,,mg,,mg_dw,11/01/2022,,,12/01/2022,,,1,NA,,
212,53,2,F,240,mg_ww/day,406.5,414.9,526.7,654.3,,304.5,,,mg,E-T2-G53-I212-EP,5544.1,5624.5,mg,,mg_dw,F-T2-G53-I212-EP,,,mg,,mg_dw,11/01/2022,,19/01/2022,12/01/2022,,,0,,,
213,54,2,,240,mg_ww/day,219.6,239,315.6,416.8,68.4,,,,mg,E-T2-G54-I213-CA,5549.3,5651.7,mg,,mg_dw,F-T2-G54-I213-CA,5556.1,5566.8,mg,,mg_dw,11/01/2022,,,12/01/2022,,,1,NA,,
214,54,2,F,240,mg_ww/day,381,398.3,507.2,632.6,,275.3,,,mg,E-T2-G54-I214-EP,5529.6,5612,mg,,mg_dw,F-T2-G54-I214-EP,,,mg,,mg_dw,11/01/2022,,19/01/2022,12/01/2022,,,0,,,
215,54,2,,240,mg_ww/day,336.9,414.4,500.1,627.5,116.9,,,,mg,E-T2-G54-I215-CA,5546.6,5621.2,mg,,mg_dw,F-T2-G54-I215-CA,,,mg,,mg_dw,11/01/2022,,,12/01/2022,,,1,NA,,
216,54,2,F,240,mg_ww/day,293.5,314.6,408.4,523.7,,258.4,,,mg,E-T2-G54-I216-EP,5551.5,5646.3,mg,,mg_dw,F-T2-G54-I216-EP,,,mg,,mg_dw,11/01/2022,,19/01/2022,12/01/2022,,,0,,,
217,55,3,,360,mg_ww/day,351.2,417.9,554.9,746.2,131.6,,,,mg,E-T3-G55-I217-CA,5544.4,5682.2,mg,,mg_dw,F-T3-G55-I217-CA,,,mg,,mg_dw,11/01/2022,,,12/01/2022,,,1,NA,,
218,55,3,F,360,mg_ww/day,277.6,331.8,506.6,699.7,,338.1,,,mg,E-T3-G55-I218-EP,5554.3,5665.1,mg,,mg_dw,F-T3-G55-I218-EP,5564.2,5585.2,mg,,mg_dw,11/01/2022,,18/01/2022,12/01/2022,,,0,,,
219,55,3,,360,mg_ww/day,250.3,353.4,487.4,712.1,120.7,,,,mg,E-T3-G55-I219-CA,5517.2,5640.8,mg,,mg_dw,F-T3-G55-I219-CA,5564,5580.7,mg,,mg_dw,11/01/2022,,,12/01/2022,,,1,NA,,
220,55,3,M,360,mg_ww/day,286.8,441.7,579.1,777,,351.4,,,mg,E-T3-G55-I220-EP,5534.6,5677.3,mg,,mg_dw,F-T3-G55-I220-EP,,,mg,,mg_dw,11/01/2022,,18/01/2022,12/01/2022,,,0,,,
221,56,3,,360,mg_ww/day,274.2,394.3,537.2,716.3,108.1,,,,mg,E-T3-G56-I221-CA,5570.2,5727.6,mg,,mg_dw,F-T3-G56-I221-CA,,,mg,,mg_dw,11/01/2022,,,12/01/2022,,,1,NA,,
222,56,3,M,360,mg_ww/day,308.6,439.3,548.5,770.3,,346.2,,,mg,E-T3-G56-I222-EP,5577.2,5712,mg,,mg_dw,F-T3-G56-I222-EP,,,mg,,mg_dw,11/01/2022,,18/01/2022,12/01/2022,,,0,,,
223,56,3,,360,mg_ww/day,298.7,438.7,572.7,762.7,120.4,,,,mg,E-T3-G56-I223-CA,5544,5687.7,mg,,mg_dw,F-T3-G56-I223-CA,,,mg,,mg_dw,11/01/2022,,,12/01/2022,,,1,NA,,
224,56,3,M,360,mg_ww/day,283.5,395.7,527.5,679.7,,308.1,,,mg,E-T3-G56-I224-EP,5571.9,5728,mg,,mg_dw,F-T3-G56-I224-EP,5540.4,5549.7,mg,,mg_dw,11/01/2022,,18/01/2022,12/01/2022,,,0,,,
225,57,4,,480,mg_ww/day,225.9,401.5,615.5,859.9,132.3,,,,mg,E-T4-G57-I225-CA,5555,5732.9,mg,,mg_dw,F-T4-G57-I225-CA,5553.9,5581.8,mg,,mg_dw,11/01/2022,,,12/01/2022,,,1,NA,,
226,57,4,F,480,mg_ww/day,290.7,515,735.3,973.4,,391.1,,,mg,E-T4-G57-I226-EP,5533.3,5719.6,mg,,mg_dw,F-T4-G57-I226-EP,5540.7,5542.9,mg,,mg_dw,11/01/2022,,18/01/2022,12/01/2022,,,0,1,,
227,57,4,,480,mg_ww/day,181.6,334.2,582,765.1,118.8,,,,mg,E-T4-G57-I227-CA,5561.5,5728.4,mg,,mg_dw,F-T4-G57-I227-CA,5547.9,5593.6,mg,,mg_dw,11/01/2022,,,12/01/2022,,,1,NA,,
228,57,4,M,480,mg_ww/day,289.4,512.4,711.9,923.7,,370,,,mg,E-T4-G57-I228-EP,5570.1,5764.5,mg,,mg_dw,F-T4-G57-I228-EP,5571.5,5583.6,mg,,mg_dw,11/01/2022,,18/01/2022,12/01/2022,,,0,,,
229,58,4,,480,mg_ww/day,264.1,466.4,674.2,889.6,140.2,,,,mg,E-T4-G58-I229-CA,5557.3,5733.4,mg,,mg_dw,F-T4-G58-I229-CA,5552.3,5574.4,mg,,mg_dw,11/01/2022,,,12/01/2022,,,1,NA,,
230,58,4,F,480,mg_ww/day,263.2,485.4,700.5,911.8,,388.5,,,mg,E-T4-G58-I230-EP,5575.2,5735.4,mg,,mg_dw,F-T4-G58-I230-EP,5549.1,5583.2,mg,,mg_dw,11/01/2022,,18/01/2022,12/01/2022,,,0,1,,
231,58,4,,480,mg_ww/day,201.9,353.1,604.3,788,115.2,,,,mg,E-T4-G58-I231-CA,5550.5,5732.5,mg,,mg_dw,F-T4-G58-I231-CA,5568.7,5611.5,mg,,mg_dw,11/01/2022,,,12/01/2022,,,1,NA,,
232,58,4,M,480,mg_ww/day,283,510.2,753.8,939.9,,396.8,,,mg,E-T4-G58-I232-EP,5560.8,5772.9,mg,,mg_dw,F-T4-G58-I232-EP,5580,5588.9,mg,,mg_dw,11/01/2022,,18/01/2022,12/01/2022,,,0,,,
233,59,5,,900,mg_ww/day,350.6,655.6,920.2,1376.2,206.9,,,,mg,E-T5-G59-I233-CA,5573.3,5854.8,mg,,mg_dw,F-T5-G59-I233-CA,5563,5717.5,mg,,mg_dw,11/01/2022,,,12/01/2022,,,1,NA,,
234,59,5,M,900,mg_ww/day,213.7,428,640.9,971.7,,346.5,,,mg,E-T5-G59-I234-EP,5553.6,5775.9,mg,,mg_dw,F-T5-G59-I234-EP,5532.6,5785.4,mg,,mg_dw,11/01/2022,,18/01/2022,12/01/2022,,,0,,,
235,59,5,,900,mg_ww/day,211.1,415.4,702.3,935.1,140.7,,,,mg,E-T5-G59-I235-CA,5565.1,5748.7,mg,,mg_dw,F-T5-G59-I235-CA,5552.4,5857.8,mg,,mg_dw,11/01/2022,,,12/01/2022,,,1,NA,,
236,59,5,F,900,mg_ww/day,258.3,502.7,787.8,1188.6,,410.8,,,mg,E-T5-G59-I236-EP,5556.4,5811.1,mg,,mg_dw,F-T5-G59-I236-EP,5549,5742.4,mg,,mg_dw,11/01/2022,,18/01/2022,12/01/2022,,,0,,,
237,60,5,,900,mg_ww/day,223.8,459.1,735.4,1058.6,167.8,,,,mg,E-T5-G60-I237-CA,5563.5,5795.8,mg,,mg_dw,F-T5-G60-I237-CA,5563.3,5799.2,mg,,mg_dw,11/01/2022,,,12/01/2022,,,1,NA,,
238,60,5,M,900,mg_ww/day,217.9,467.4,709.8,1039.3,,380.1,,,mg,E-T5-G60-I238-EP,5567,5792.1,mg,,mg_dw,F-T5-G60-I238-EP,5547.5,5787.8,mg,,mg_dw,11/01/2022,,18/01/2022,12/01/2022,,,0,,,
239,60,5,,900,mg_ww/day,211.3,419.1,662.8,1004.3,144,,,,mg,E-T5-G60-I239-CA,5544.2,5753.6,mg,,mg_dw,F-T5-G60-I239-CA,5572.9,5852.7,mg,,mg_dw,11/01/2022,,,12/01/2022,,,1,NA,,
240,60,5,M,900,mg_ww/day,343.3,573.5,892.1,1271.2,,444.5,,,mg,E-T5-G60-I240-EP,5549.1,5782.9,mg,,mg_dw,F-T5-G60-I240-EP,5535.6,5738,mg,,mg_dw,11/01/2022,,18/01/2022,12/01/2022,,,0,,,
241,61,1,,120,mg_ww/day,180.8,233.3,293,352.9,50.4,,,,mg,E-T1-G61-I241-CA,5549.9,5596.7,mg,,mg_dw,F-T1-G61-I241-CA,,,mg,,mg_dw,18/01/2022,,,19/01/2022,,,1,NA,,
242,61,1,,120,mg_ww/day,255.9,308.7,362,407.3,,,,,mg,E-T1-G61-I242-EP,5544.9,5585.3,mg,,mg_dw,F-T1-G61-I242-EP,,,mg,,mg_dw,18/01/2022,,27/01/2022,19/01/2022,,,0,,,
243,61,1,,120,mg_ww/day,316.5,350.7,422.2,466.8,76.2,,,,mg,E-T1-G61-I243-CA,5534.6,5577.3,mg,,mg_dw,F-T1-G61-I243-CA,,,mg,,mg_dw,18/01/2022,,,19/01/2022,,,1,NA,,
244,61,1,,120,mg_ww/day,270.9,340.4,415.1,463.8,,,,,mg,E-T1-G61-I244-EP,5543.1,5571.1,mg,,mg_dw,F-T1-G61-I244-EP,,,mg,,mg_dw,18/01/2022,,26/01/2022,19/01/2022,,,0,,,
245,62,1,,120,mg_ww/day,282.5,348.5,420.4,472.3,75.6,,,,mg,E-T1-G62-I245-CA,5569.2,5604.1,mg,,mg_dw,F-T1-G62-I245-CA,,,mg,,mg_dw,18/01/2022,,,19/01/2022,,,1,NA,,
246,62,1,,120,mg_ww/day,230.3,279.1,333.4,383.7,,,,,mg,E-T1-G62-I246-EP,5540.3,5582.9,mg,,mg_dw,F-T1-G62-I246-EP,,,mg,,mg_dw,18/01/2022,,27/01/2022,19/01/2022,,,0,,,
247,62,1,,120,mg_ww/day,224.4,289.6,340.9,406.5,70.4,,,,mg,E-T1-G62-I247-CA,5554.9,5587.8,mg,,mg_dw,F-T1-G62-I247-CA,,,mg,,mg_dw,18/01/2022,,,19/01/2022,,,1,NA,,
248,62,1,,120,mg_ww/day,268.8,327.8,389.5,442.6,,,,,mg,E-T1-G62-I248-EP,5561.6,5597.8,mg,,mg_dw,F-T1-G62-I248-EP,,,mg,,mg_dw,18/01/2022,,27/01/2022,19/01/2022,,,0,,,
249,63,2,,240,mg_ww/day,242,356.9,523.8,642.3,106.9,,,,mg,E-T2-G63-I249-CA,5525.4,5596.2,mg,,mg_dw,F-T2-G63-I249-CA,,,mg,,mg_dw,18/01/2022,,,19/01/2022,,,1,NA,,
250,63,2,,240,mg_ww/day,275.2,384,546.4,590.4,,,,,mg,E-T2-G63-I250-EP,5571.7,5652.7,mg,,mg_dw,F-T2-G63-I250-EP,,,mg,,mg_dw,18/01/2022,,26/01/2022,19/01/2022,,,0,,,
251,63,2,,240,mg_ww/day,306.2,422.1,571.8,699.2,113,,,,mg,E-T2-G63-I251-CA,5571.2,5644.8,mg,,mg_dw,F-T2-G63-I251-CA,,,mg,,mg_dw,18/01/2022,,,19/01/2022,,,1,NA,,
252,63,2,,240,mg_ww/day,313.1,431.1,567.2,697.3,,,,,mg,E-T2-G63-I252-EP,5529.6,5599.8,mg,,mg_dw,F-T2-G63-I252-EP,,,mg,,mg_dw,18/01/2022,,25/01/2022,19/01/2022,,,0,,,
253,64,2,,240,mg_ww/day,342.2,461.7,594.8,724.8,113.1,,,,mg,E-T2-G64-I253-CA,5544.4,5622.5,mg,,mg_dw,F-T2-G64-I253-CA,,,mg,,mg_dw,18/01/2022,,,19/01/2022,,,1,NA,,
254,64,2,,240,mg_ww/day,168.3,292.3,384.5,551.1,,,,,mg,E-T2-G64-I254-EP,5561.5,5644.2,mg,,mg_dw,F-T2-G64-I254-EP,5547.5,5553.8,mg,,mg_dw,18/01/2022,,26/01/2022,19/01/2022,,,0,,,
255,64,2,,240,mg_ww/day,280.6,404.9,566.5,704,111.3,,,,mg,E-T2-G64-I255-CA,5551.8,5623.9,mg,,mg_dw,F-T2-G64-I255-CA,,,mg,,mg_dw,18/01/2022,,,19/01/2022,,,1,NA,,
256,64,2,,240,mg_ww/day,294.5,424.4,563.2,695.8,,,,,mg,E-T2-G64-I256-EP,5548.2,5620.7,mg,,mg_dw,F-T2-G64-I256-EP,,,mg,,mg_dw,18/01/2022,,26/01/2022,19/01/2022,,,0,,,
257,65,3,,360,mg_ww/day,325.2,474.8,646.2,831.6,135.4,,,,mg,E-T3-G65-I257-CA,5556.9,5688.1,mg,,mg_dw,F-T3-G65-I257-CA,,,mg,,mg_dw,18/01/2022,,,19/01/2022,,,1,NA,,
258,65,3,,360,mg_ww/day,340.7,524.4,745.1,938.8,,,,,mg,E-T3-G65-I258-EP,5523.6,5638.9,mg,,mg_dw,F-T3-G65-I258-EP,,,mg,,mg_dw,18/01/2022,,25/01/2022,19/01/2022,,,0,,,
259,65,3,,360,mg_ww/day,328.2,470.4,658.9,863.1,139.2,,,,mg,E-T3-G65-I259-CA,5550,5678.8,mg,,mg_dw,F-T3-G65-I259-CA,,,mg,,mg_dw,18/01/2022,,,19/01/2022,,,1,NA,,
260,65,3,,360,mg_ww/day,348.3,505.8,645.5,852.6,,,,,mg,E-T3-G65-I260-EP,5548.6,5695.2,mg,,mg_dw,F-T3-G65-I260-EP,,,mg,,mg_dw,18/01/2022,,25/01/2022,19/01/2022,,,0,,,
261,66,3,,360,mg_ww/day,249.6,419.1,558.1,777.7,123.5,,,,mg,E-T3-G66-I261-CA,5540.7,5671.2,mg,,mg_dw,F-T3-G66-I261-CA,5567.5,5574.9,mg,,mg_dw,18/01/2022,,,19/01/2022,,,1,NA,,
262,66,3,,360,mg_ww/day,317.1,478.3,678.9,893.3,,,,,mg,E-T3-G66-I262-EP,5558.3,5679.6,mg,,mg_dw,F-T3-G66-I262-EP,,,mg,,mg_dw,18/01/2022,,25/01/2022,19/01/2022,,,0,,,
263,66,3,,360,mg_ww/day,340,495.6,710.4,938,154.3,,,,mg,E-T3-G66-I263-CA,5568.9,5685.1,mg,,mg_dw,F-T3-G66-I263-CA,,,mg,,mg_dw,18/01/2022,,,19/01/2022,,,1,NA,,
264,66,3,,360,mg_ww/day,204,368.3,496.1,722.4,,,,,mg,E-T3-G66-I264-EP,5545,5670.1,mg,,mg_dw,F-T3-G66-I264-EP,5533,5548.3,mg,,mg_dw,18/01/2022,,25/01/2022,19/01/2022,,,0,,,
265,67,4,,480,mg_ww/day,370.1,592.8,783.8,1089.1,164.7,,,,mg,E-T4-G67-I265-CA,5547.1,5722.5,mg,,mg_dw,F-T4-G67-I265-CA,5557.1,5569.4,mg,,mg_dw,18/01/2022,,,19/01/2022,,,1,NA,,
266,67,4,,480,mg_ww/day,218.3,353.8,566.8,783.3,,,,,mg,E-T4-G67-I266-EP,5570,5721.4,mg,,mg_dw,F-T4-G67-I266-EP,5537.7,5604.7,mg,,mg_dw,18/01/2022,,26/01/2022,19/01/2022,,,0,,,
267,67,4,,480,mg_ww/day,301.5,453.9,647.9,859.1,123.3,,,,mg,E-T4-G67-I267-CA,5551.2,5724.1,mg,,mg_dw,F-T4-G67-I267-CA,5553.5,5600.3,mg,,mg_dw,18/01/2022,,,19/01/2022,,,1,NA,,
268,67,4,,480,mg_ww/day,356.6,575.7,769.2,966.4,,,,,mg,E-T4-G67-I268-EP,5549.2,5745.5,mg,,mg_dw,F-T4-G67-I268-EP,5531.1,5544.7,mg,,mg_dw,18/01/2022,,25/01/2022,19/01/2022,,,0,,,
269,68,4,,480,mg_ww/day,194.8,373.5,580.3,784.4,116.8,,,,mg,E-T4-G68-I269-CA,5531.8,5704.2,mg,,mg_dw,F-T4-G68-I269-CA,5567.7,5615.7,mg,,mg_dw,18/01/2022,,,19/01/2022,,,1,NA,,
270,68,4,,480,mg_ww/day,256.4,426.3,640,830.7,,,,,mg,E-T4-G68-I270-EP,5569.9,5738.3,mg,,mg_dw,F-T4-G68-I270-EP,5559,5606.3,mg,,mg_dw,18/01/2022,,26/01/2022,19/01/2022,,,0,,,
271,68,4,,480,mg_ww/day,242,405.9,612.7,791.5,118.7,,,,mg,E-T4-G68-I271-CA,5534.5,5709.4,mg,,mg_dw,F-T4-G68-I271-CA,5548.1,5595.4,mg,,mg_dw,18/01/2022,,,19/01/2022,,,1,NA,,
272,68,4,,480,mg_ww/day,253.5,467.1,698,944.2,,,,,mg,E-T4-G68-I272-EP,5553.5,5722.9,mg,,mg_dw,F-T4-G68-I272-EP,5538.9,5566,mg,,mg_dw,18/01/2022,,26/01/2022,19/01/2022,,,0,,,
273,69,5,,900,mg_ww/day,220,363.6,626.8,931.2,139.3,,,,mg,E-T5-G69-I273-CA,5559.7,5742,mg,,mg_dw,F-T5-G69-I273-CA,5550.4,5866,mg,,mg_dw,18/01/2022,,,19/01/2022,,,1,NA,,
274,69,5,,900,mg_ww/day,204.4,344.4,603.8,891.2,,,,,mg,E-T5-G69-I274-EP,5561.2,5751.3,mg,,mg_dw,F-T5-G69-I274-EP,5552.5,5863.8,mg,,mg_dw,18/01/2022,,26/01/2022,19/01/2022,,,0,,,
275,69,5,,900,mg_ww/day,317.4,527.1,852.4,1342.6,200,,,,mg,E-T5-G69-I275-CA,5528.4,5784.4,mg,,mg_dw,F-T5-G69-I275-CA,5528.1,5706.6,mg,,mg_dw,18/01/2022,,,19/01/2022,,,1,NA,,
276,69,5,,900,mg_ww/day,276.7,426.6,693.7,1019.4,,,,,mg,E-T5-G69-I276-EP,5513.1,5695.8,mg,,mg_dw,F-T5-G69-I276-EP,5559.3,5864.4,mg,,mg_dw,18/01/2022,,25/01/2022,19/01/2022,,,0,,,
277,70,5,,900,mg_ww/day,263.5,483.8,801,1116.7,175.8,,,,mg,E-T5-G70-I277-CA,5563.2,5802.3,mg,,mg_dw,F-T5-G70-I277-CA,5535.5,5751.7,mg,,mg_dw,18/01/2022,,,19/01/2022,,,1,NA,,
278,70,5,,900,mg_ww/day,185.6,327,602.2,885.5,,,,,mg,E-T5-G70-I278-EP,5537.6,5718.7,mg,,mg_dw,F-T5-G70-I278-EP,5551.8,5886.2,mg,,mg_dw,18/01/2022,,26/01/2022,19/01/2022,,,0,,,
279,70,5,,900,mg_ww/day,227.5,384.6,612.3,935.2,145.7,,,,mg,E-T5-G70-I279-CA,5546.2,5750.7,mg,,mg_dw,F-T5-G70-I279-CA,5573.7,5871.4,mg,,mg_dw,18/01/2022,,,19/01/2022,,,1,NA,,
280,70,5,,900,mg_ww/day,165.7,245.2,391.9,526.7,,,,,mg,E-T5-G70-I280-EP,5532.3,5631.7,mg,,mg_dw,F-T5-G70-I280-EP,5570.4,6040.4,mg,,mg_dw,18/01/2022,,NA,19/01/2022,,,0,,,
281,71,1,,120,mg_ww/day,253.7,306,355.3,401.3,74.1,,,,mg,E-T1-G71-I281-CA,5533.7,5566.9,mg,,mg_dw,F-T1-G71-I281-CA,,,mg,,mg_dw,25/01/2022,,,26/01/2022,,,1,NA,,
282,71,1,,120,mg_ww/day,323,359.5,414.7,484.7,,,,,mg,E-T1-G71-I282-EP,5532.4,5577.5,mg,,mg_dw,F-T1-G71-I282-EP,,,mg,,mg_dw,25/01/2022,,02/02/2022,26/01/2022,,,0,,,
283,71,1,,120,mg_ww/day,216.5,269.1,324.9,383.8,64.4,,,,mg,E-T1-G71-I283-CA,5546.6,5584.8,mg,,mg_dw,F-T1-G71-I283-CA,,,mg,,mg_dw,25/01/2022,,,26/01/2022,,,1,NA,,
284,71,1,,120,mg_ww/day,289.7,346.2,396.9,451.8,,,,,mg,E-T1-G71-I284-EP,5546.5,5590.2,mg,,mg_dw,F-T1-G71-I284-EP,,,mg,,mg_dw,25/01/2022,,02/02/2022,26/01/2022,,,0,,,
285,72,1,,120,mg_ww/day,235.9,283.6,353.3,425.5,67.4,,,,mg,E-T1-G72-I285-CA,5522.5,5562.7,mg,,mg_dw,F-T1-G72-I285-CA,,,mg,,mg_dw,25/01/2022,,,26/01/2022,,,1,NA,,
286,72,1,,120,mg_ww/day,386.7,402.4,460.6,517.8,,,,,mg,E-T1-G72-I286-EP,5561.1,5609.7,mg,,mg_dw,F-T1-G72-I286-EP,,,mg,,mg_dw,25/01/2022,,02/02/2022,26/01/2022,,,0,,,
287,72,1,,120,mg_ww/day,356.7,397.1,432,482.9,73.7,,,,mg,E-T1-G72-I287-CA,5537.4,5583.8,mg,,mg_dw,F-T1-G72-I287-CA,,,mg,,mg_dw,25/01/2022,,,26/01/2022,,,1,NA,,
288,72,1,,120,mg_ww/day,230.3,286,361.9,413.4,,,,,mg,E-T1-G72-I288-EP,5539.5,5568,mg,,mg_dw,F-T1-G72-I288-EP,,,mg,,mg_dw,25/01/2022,,02/02/2022,26/01/2022,,,0,,,
289,73,2,,240,mg_ww/day,284.7,407.7,522.9,668.7,97.5,,,,mg,E-T2-G73-I289-CA,5548.3,5637.2,mg,,mg_dw,F-T2-G73-I289-CA,,,mg,,mg_dw,25/01/2022,,,26/01/2022,,,1,NA,,
290,73,2,,240,mg_ww/day,302.7,433.1,576.1,716.2,,,,,mg,E-T2-G73-I290-EP,5534.8,5604.4,mg,,mg_dw,F-T2-G73-I290-EP,,,mg,,mg_dw,25/01/2022,,01/02/2022,26/01/2022,,,0,,,
291,73,2,,240,mg_ww/day,335.6,446.2,583.3,721.9,120.1,,,,mg,E-T2-G73-I291-CA,5572,5648.6,mg,,mg_dw,F-T2-G73-I291-CA,,,mg,,mg_dw,25/01/2022,,,26/01/2022,,,1,NA,,
292,73,2,,240,mg_ww/day,285.9,404.3,525.5,644.4,,,,,mg,E-T2-G73-I292-EP,5545.6,5626.2,mg,,mg_dw,F-T2-G73-I292-EP,,,mg,,mg_dw,25/01/2022,,01/02/2022,26/01/2022,,,0,,,
293,74,2,,240,mg_ww/day,298.4,401.4,555.3,680.5,105.6,,,,mg,E-T2-G74-I293-CA,5548.7,5633.4,mg,,mg_dw,F-T2-G74-I293-CA,,,mg,,mg_dw,25/01/2022,,,26/01/2022,,,1,NA,,
294,74,2,,240,mg_ww/day,151.6,238.9,364.8,509.9,,,,,mg,E-T2-G74-I294-EP,5562.4,5644.6,mg,,mg_dw,F-T2-G74-I294-EP,5529,5552.4,mg,,mg_dw,25/01/2022,,03/02/2022,26/01/2022,,,0,,,
295,74,2,,240,mg_ww/day,234.4,352.1,496.6,638.4,96.9,,,,mg,E-T2-G74-I295-CA,5549.5,5626.8,mg,,mg_dw,F-T2-G74-I295-CA,,,mg,,mg_dw,25/01/2022,,,26/01/2022,,,1,NA,,
296,74,2,,240,mg_ww/day,358.5,485.4,628.6,771.9,,,,,mg,E-T2-G74-I296-EP,5570.1,5647.1,mg,,mg_dw,F-T2-G74-I296-EP,,,mg,,mg_dw,25/01/2022,,02/02/2022,26/01/2022,,,0,,,
297,75,3,,360,mg_ww/day,289.5,455.2,659.4,867.8,127.1,,,,mg,E-T3-G75-I297-CA,5561.5,5689.1,mg,,mg_dw,F-T3-G75-I297-CA,,,mg,,mg_dw,25/01/2022,,,26/01/2022,,,1,NA,,
298,75,3,,360,mg_ww/day,156.5,325,470.9,605.1,,,,,mg,E-T3-G75-I298-EP,5554,5685.3,mg,,mg_dw,F-T3-G75-I298-EP,5556.8,5583,mg,,mg_dw,25/01/2022,,02/02/2022,26/01/2022,,,0,,,
299,75,3,,360,mg_ww/day,370.5,537.4,740.7,950.2,142.5,,,,mg,E-T3-G75-I299-CA,5530.4,5655.3,mg,,mg_dw,F-T3-G75-I299-CA,,,mg,,mg_dw,25/01/2022,,,26/01/2022,,,1,NA,,
300,75,3,,360,mg_ww/day,324.4,492.2,690.7,919.4,,,,,mg,E-T3-G75-I300-EP,5537.9,5652.7,mg,,mg_dw,F-T3-G75-I300-EP,,,mg,,mg_dw,25/01/2022,,01/02/2022,26/01/2022,,,0,,,
301,76,3,,360,mg_ww/day,263.7,436.5,558.4,743.3,114.8,,,,mg,E-T3-G76-I301-CA,5529.9,5675.5,mg,,mg_dw,F-T3-G76-I301-CA,5553.7,5558.4,mg,,mg_dw,25/01/2022,,,26/01/2022,,,1,NA,,
302,76,3,,360,mg_ww/day,331.5,500.8,635.4,858.7,,,,,mg,E-T3-G76-I302-EP,5537.2,5672.1,mg,,mg_dw,F-T3-G76-I302-EP,,,mg,,mg_dw,25/01/2022,,02/02/2022,26/01/2022,,,0,,,
303,76,3,,360,mg_ww/day,342.5,491.1,684,874.2,136.5,,,,mg,E-T3-G76-I303-CA,5545,5669.5,mg,,mg_dw,F-T3-G76-I303-CA,,,mg,,mg_dw,25/01/2022,,,26/01/2022,,,1,NA,,
304,76,3,,360,mg_ww/day,259.6,446.8,582.4,793.2,,,,,mg,E-T3-G76-I304-EP,5587.3,5732.2,mg,,mg_dw,F-T3-G76-I304-EP,5563,5565.8,mg,,mg_dw,25/01/2022,,01/02/2022,26/01/2022,,,0,,,
305,77,4,,480,mg_ww/day,305.7,574.6,795,996.4,126.4,,,,mg,E-T4-G77-I305-CA,5549.8,5756.8,mg,,mg_dw,F-T4-G77-I305-CA,5570.4,5575.8,mg,,mg_dw,25/01/2022,,,26/01/2022,,,1,NA,,
306,77,4,,480,mg_ww/day,283.2,464.8,687.1,936.9,,,,,mg,E-T4-G77-I306-EP,5565,5744.4,mg,,mg_dw,F-T4-G77-I306-EP,5519.7,5546.4,mg,,mg_dw,25/01/2022,,01/02/2022,26/01/2022,,,0,,,
307,77,4,,480,mg_ww/day,221.8,401.9,614.6,816.9,127,,,,mg,E-T4-G77-I307-CA,5546.2,5723.6,mg,,mg_dw,F-T4-G77-I307-CA,5544.3,5580.2,mg,,mg_dw,25/01/2022,,,26/01/2022,,,1,NA,,
308,77,4,,480,mg_ww/day,366.3,533.5,763.6,1029.2,,,,,mg,E-T4-G77-I308-EP,5546.6,5718.6,mg,,mg_dw,F-T4-G77-I308-EP,5549.1,5578,mg,,mg_dw,25/01/2022,,01/02/2022,26/01/2022,,,0,,,
309,78,4,,480,mg_ww/day,219.7,402.6,613.6,770,112.9,,,,mg,E-T4-G78-I309-CA,5544.4,5729.9,mg,,mg_dw,F-T4-G78-I309-CA,5550.5,5593.6,mg,,mg_dw,25/01/2022,,,26/01/2022,,,1,NA,,
310,78,4,,480,mg_ww/day,315.5,499.5,713.3,881.2,,,,,mg,E-T4-G78-I310-EP,5547.1,5759.2,mg,,mg_dw,F-T4-G78-I310-EP,5540.1,5559.1,mg,,mg_dw,25/01/2022,,01/02/2022,26/01/2022,,,0,,,
311,78,4,,480,mg_ww/day,302.1,485.9,696.3,904,135.9,,,,mg,E-T4-G78-I311-CA,5524.6,5712.2,mg,,mg_dw,F-T4-G78-I311-CA,5568.2,5594.8,mg,,mg_dw,25/01/2022,,,26/01/2022,,,1,NA,,
312,78,4,,480,mg_ww/day,271.5,461.5,696.5,927.8,,,,,mg,E-T4-G78-I312-EP,5562.6,5747.3,mg,,mg_dw,F-T4-G78-I312-EP,5556.4,5588.3,mg,,mg_dw,25/01/2022,,01/02/2022,26/01/2022,,,0,,,
313,79,5,,900,mg_ww/day,105.5,123.5,124.5,118,19.4,,,,mg,E-T5-G79-I313-CA,5517.1,5518,mg,,mg_dw,F-T5-G79-I313-CA,5561.3,6228.7,mg,,mg_dw,25/01/2022,,,26/01/2022,,,1,NA,1,did not eat
314,79,5,,900,mg_ww/day,415.7,619,917.3,1369.1,,,,,mg,E-T5-G79-I314-EP,5560,5809.4,mg,,mg_dw,F-T5-G79-I314-EP,5538.6,5730.9,mg,,mg_dw,25/01/2022,,01/02/2022,26/01/2022,,,0,,,
315,79,5,,900,mg_ww/day,297.8,468.5,764.1,1061.8,174.6,,,,mg,E-T5-G79-I315-CA,5553.7,5780.2,mg,,mg_dw,F-T5-G79-I315-CA,5553.7,5813,mg,,mg_dw,25/01/2022,,,26/01/2022,,,1,NA,,
316,79,5,,900,mg_ww/day,291.4,522.2,717.3,1137.1,,,,,mg,E-T5-G79-I316-EP,5539.9,5773,mg,,mg_dw,F-T5-G79-I316-EP,5552.5,5782.7,mg,,mg_dw,25/01/2022,,01/02/2022,26/01/2022,,,0,,,
317,80,5,,900,mg_ww/day,224.2,401.5,596.7,931.1,141.2,,,,mg,E-T5-G80-I317-CA,5551.2,5729.6,mg,,mg_dw,F-T5-G80-I317-CA,5560.2,5900.4,mg,,mg_dw,25/01/2022,,,26/01/2022,,,1,NA,,
318,80,5,,900,mg_ww/day,334.8,555.7,919.6,1217.5,,,,,mg,E-T5-G80-I318-EP,5562.3,5868.4,mg,,mg_dw,F-T5-G80-I318-EP,5550,5691.9,mg,,mg_dw,25/01/2022,,01/02/2022,26/01/2022,,,0,,,
319,80,5,,900,mg_ww/day,355.4,624.3,948.2,1318.7,214.8,,,,mg,E-T5-G80-I319-CA,5563.4,5865.6,mg,,mg_dw,F-T5-G80-I319-CA,5562.6,5678.7,mg,,mg_dw,25/01/2022,,,26/01/2022,,,1,NA,,
320,80,5,,900,mg_ww/day,160.2,285.3,393.4,569.3,,,,,mg,E-T5-G80-I320-EP,5544.9,5649.7,mg,,mg_dw,F-T5-G80-I320-EP,5553.1,6030.1,mg,,mg_dw,25/01/2022,,02/02/2022,26/01/2022,,,0,,,
321,81,1,,120,mg_ww/day,325.5,386.3,437.3,490.1,76,,,,mg,E-T1-G81-I321-CA,5555.8,5594.8,mg,,mg_dw,F-T1-G81-I321-CA,,,mg,,mg_dw,01/02/2022,,,02/02/2022,,,1,NA,,
322,81,1,,120,mg_ww/day,332.3,391,450.1,509,,,,,mg,E-T1-G81-I322-EP,5544.7,5571,mg,,mg_dw,F-T1-G81-I322-EP,,,mg,,mg_dw,01/02/2022,,,02/02/2022,,,0,,,
323,81,1,,120,mg_ww/day,347.4,405.8,445,501.6,81,,,,mg,E-T1-G81-I323-CA,5563,5603.6,mg,,mg_dw,F-T1-G81-I323-CA,,,mg,,mg_dw,01/02/2022,,,02/02/2022,,,1,NA,,
324,81,1,,120,mg_ww/day,352.1,406.2,446.2,513.1,,,,,mg,E-T1-G81-I324-EP,5551.2,5585.2,mg,,mg_dw,F-T1-G81-I324-EP,,,mg,,mg_dw,01/02/2022,,08/02/2022,02/02/2022,,,0,,,
325,82,1,,120,mg_ww/day,386.2,442.3,498.3,541.8,80.7,,,,mg,E-T1-G82-I325-CA,5554.5,5595.4,mg,,mg_dw,F-T1-G82-I325-CA,,,mg,,mg_dw,01/02/2022,,,02/02/2022,,,1,NA,,
326,82,1,,120,mg_ww/day,310.9,369.4,429.8,490.8,,,,,mg,E-T1-G82-I326-EP,5534.2,5565.7,mg,,mg_dw,F-T1-G82-I326-EP,,,mg,,mg_dw,01/02/2022,,,02/02/2022,,,0,,,
327,82,1,,120,mg_ww/day,240.9,299.4,359.5,416.6,69,,,,mg,E-T1-G82-I327-CA,5545.6,5585.2,mg,,mg_dw,F-T1-G82-I327-CA,,,mg,,mg_dw,01/02/2022,,,02/02/2022,,,1,NA,,
328,82,1,,120,mg_ww/day,337.3,377.1,422.2,473.5,,,,,mg,E-T1-G82-I328-EP,5558.9,5598.7,mg,,mg_dw,F-T1-G82-I328-EP,,,mg,,mg_dw,01/02/2022,,08/02/2022,02/02/2022,,,0,,,
329,83,2,,240,mg_ww/day,316.3,414,558.5,693.2,109,,,,mg,E-T2-G83-I329-CA,5560.2,5648.5,mg,,mg_dw,F-T2-G83-I329-CA,,,mg,,mg_dw,01/02/2022,,,02/02/2022,,,1,NA,,
330,83,2,,240,mg_ww/day,340.8,477.8,607.1,745.3,,,,,mg,E-T2-G83-I330-EP,5540.6,5619.1,mg,,mg_dw,F-T2-G83-I330-EP,,,mg,,mg_dw,01/02/2022,,09/02/2022,02/02/2022,,,0,,,
331,83,2,,240,mg_ww/day,421,561.7,694.3,810.1,119.7,,,,mg,E-T2-G83-I331-CA,5535.1,5606.8,mg,,mg_dw,F-T2-G83-I331-CA,,,mg,,mg_dw,01/02/2022,,,02/02/2022,,,1,NA,,
332,83,2,,240,mg_ww/day,326.8,429.4,564.8,704.4,,,,,mg,E-T2-G83-I332-EP,5547.3,5626.5,mg,,mg_dw,F-T2-G83-I332-EP,,,mg,,mg_dw,01/02/2022,,09/02/2022,02/02/2022,,,0,,,
333,84,2,,240,mg_ww/day,263.3,372.3,510.5,640.2,105.4,,,,mg,E-T2-G84-I333-CA,5519.1,5601.6,mg,,mg_dw,F-T2-G84-I333-CA,,,mg,,mg_dw,01/02/2022,,,02/02/2022,,,1,NA,,
334,84,2,,240,mg_ww/day,327,428.7,580.7,709,,,,,mg,E-T2-G84-I334-EP,5556.2,5637.5,mg,,mg_dw,F-T2-G84-I334-EP,,,mg,,mg_dw,01/02/2022,,09/02/2022,02/02/2022,,,0,,,
335,84,2,,240,mg_ww/day,310.3,401.4,517.1,664.4,105.8,,,,mg,E-T2-G84-I335-CA,5546.1,5644.9,mg,,mg_dw,F-T2-G84-I335-CA,,,mg,,mg_dw,01/02/2022,,,02/02/2022,,,1,NA,,
336,84,2,,240,mg_ww/day,336.4,454.5,603.8,723.4,,,,,mg,E-T2-G84-I336-EP,5534.4,5616.8,mg,,mg_dw,F-T2-G84-I336-EP,,,mg,,mg_dw,01/02/2022,,09/02/2022,02/02/2022,,,0,,,
337,85,3,,360,mg_ww/day,363.1,531.2,722.1,908.6,136.5,,,,mg,E-T3-G85-I337-CA,5577.6,5711.7,mg,,mg_dw,F-T3-G85-I337-CA,,,mg,,mg_dw,01/02/2022,,,02/02/2022,,,1,NA,,
338,85,3,,360,mg_ww/day,335.1,502.9,702.1,881.7,,,,,mg,E-T3-G85-I338-EP,5551.3,5668.4,mg,,mg_dw,F-T3-G85-I338-EP,5548.1,5550.8,mg,,mg_dw,01/02/2022,,08/02/2022,02/02/2022,,,0,,,
339,85,3,,360,mg_ww/day,298.6,482.1,669,851.4,126.5,,,,mg,E-T3-G85-I339-CA,5529.5,5668.6,mg,,mg_dw,F-T3-G85-I339-CA,,,mg,,mg_dw,01/02/2022,,,02/02/2022,,,1,NA,,
340,85,3,,360,mg_ww/day,332.2,500.5,692.2,882.1,,,,,mg,E-T3-G85-I340-EP,5545.1,5677.2,mg,,mg_dw,F-T3-G85-I340-EP,,,mg,,mg_dw,01/02/2022,,08/02/2022,02/02/2022,,,0,,,
341,86,3,,360,mg_ww/day,368.4,533.5,731.3,919.4,150.3,,,,mg,E-T3-G86-I341-CA,5534.5,5665.6,mg,,mg_dw,F-T3-G86-I341-CA,,,mg,,mg_dw,01/02/2022,,,02/02/2022,,,1,NA,,
342,86,3,,360,mg_ww/day,303.9,465.4,641.8,784.1,,,,,mg,E-T3-G86-I342-EP,5560.3,5705.3,mg,,mg_dw,F-T3-G86-I342-EP,,,mg,,mg_dw,01/02/2022,,09/02/2022,02/02/2022,,,0,,,
343,86,3,,360,mg_ww/day,205.7,352,498.3,643.2,90.3,,,,mg,E-T3-G86-I343-CA,5558.2,5712.4,mg,,mg_dw,F-T3-G86-I343-CA,5546,5563.5,mg,,mg_dw,01/02/2022,,,02/02/2022,,,1,NA,,
344,86,3,,360,mg_ww/day,329.1,476.7,671.8,871.3,,,,,mg,E-T3-G86-I344-EP,5555.1,5659.9,mg,,mg_dw,F-T3-G86-I344-EP,5542.3,5557.6,mg,,mg_dw,01/02/2022,,08/02/2022,02/02/2022,,,0,,,
345,87,4,,480,mg_ww/day,387.1,576.9,818.7,1092.2,166.6,,,,mg,E-T4-G87-I345-CA,5541.6,5703.8,mg,,mg_dw,F-T4-G87-I345-CA,5583.3,5609.3,mg,,mg_dw,01/02/2022,,,02/02/2022,,,1,NA,,
346,87,4,,480,mg_ww/day,410.2,582.7,813.9,1007.2,,,,,mg,E-T4-G87-I346-EP,5550.6,5727.4,mg,,mg_dw,F-T4-G87-I346-EP,,,mg,,mg_dw,01/02/2022,,08/02/2022,02/02/2022,,,0,,,
347,87,4,,480,mg_ww/day,324.8,493.5,716.9,951.8,155,,,,mg,E-T4-G87-I347-CA,5536.9,5713.1,mg,,mg_dw,F-T4-G87-I347-CA,5548.4,5574.6,mg,,mg_dw,01/02/2022,,,02/02/2022,,,1,NA,,
348,87,4,,480,mg_ww/day,279.6,448.5,653.2,848.7,,,,,mg,E-T4-G87-I348-EP,5560.4,5762.1,mg,,mg_dw,F-T4-G87-I348-EP,5541.1,5573.4,mg,,mg_dw,01/02/2022,,08/02/2022,02/02/2022,,,0,,,
349,88,4,,480,mg_ww/day,247.7,444.1,672.1,877.8,126.7,,,,mg,E-T4-G88-I349-CA,5543.1,5733.8,mg,,mg_dw,F-T4-G88-I349-CA,5546.5,5578.2,mg,,mg_dw,01/02/2022,,,02/02/2022,,,1,NA,,
350,88,4,,480,mg_ww/day,302.5,473.6,650.4,883.9,,,,,mg,E-T4-G88-I350-EP,5565.4,5744,mg,,mg_dw,F-T4-G88-I350-EP,5541,5570.6,mg,,mg_dw,01/02/2022,,08/02/2022,02/02/2022,,,0,,,
351,88,4,,480,mg_ww/day,321.9,530.7,747.7,967.1,171.8,,,,mg,E-T4-G88-I351-CA,5548.5,5709.1,mg,,mg_dw,F-T4-G88-I351-CA,5536.8,5556.7,mg,,mg_dw,01/02/2022,,,02/02/2022,,,1,NA,,
352,88,4,,480,mg_ww/day,309.7,497.2,713,981.3,,,,,mg,E-T4-G88-I352-EP,5556,5730.1,mg,,mg_dw,F-T4-G88-I352-EP,5541,5563,mg,,mg_dw,01/02/2022,,08/02/2022,02/02/2022,,,0,,,
353,89,5,,900,mg_ww/day,297.1,504.2,846.7,1179.6,188.3,,,,mg,E-T5-G89-I353-CA,5559.6,5794,mg,,mg_dw,F-T5-G89-I353-CA,5558.8,5790.4,mg,,mg_dw,01/02/2022,,,02/02/2022,,,1,NA,,
354,89,5,,900,mg_ww/day,311.9,492.9,863,1102.6,,,,,mg,E-T5-G89-I354-EP,5544.7,5779.9,mg,,mg_dw,F-T5-G89-I354-EP,5533,5770.8,mg,,mg_dw,01/02/2022,,08/02/2022,02/02/2022,,,0,,,
355,89,5,,900,mg_ww/day,359.6,591.8,992.3,1295.7,219.3,,,,mg,E-T5-G89-I355-CA,5559.8,5852.3,mg,,mg_dw,F-T5-G89-I355-CA,5553.1,5683.9,mg,,mg_dw,01/02/2022,,,02/02/2022,,,1,NA,,
356,89,5,,900,mg_ww/day,207.6,344,570.1,759.9,,,,,mg,E-T5-G89-I356-EP,5532.2,5712.4,mg,,mg_dw,F-T5-G89-I356-EP,5563.5,5907,mg,,mg_dw,01/02/2022,,,02/02/2022,,,0,,,
357,90,5,,900,mg_ww/day,208.7,393.8,629.2,864.2,144.8,,,,mg,E-T5-G90-I357-CA,5524,5720.9,mg,,mg_dw,F-T5-G90-I357-CA,5577.9,5894.2,mg,,mg_dw,01/02/2022,,,02/02/2022,,,1,NA,,
358,90,5,,900,mg_ww/day,252.8,465.3,737.7,1044.7,,,,,mg,E-T5-G90-I358-EP,5547.7,5783.1,mg,,mg_dw,F-T5-G90-I358-EP,5554.6,5799.5,mg,,mg_dw,01/02/2022,,08/02/2022,02/02/2022,,,0,,,
359,90,5,,900,mg_ww/day,279.1,577,810.7,1134.5,167.9,,,,mg,E-T5-G90-I359-CA,5553.1,5785.7,mg,,mg_dw,F-T5-G90-I359-CA,5548.8,5783.5,mg,,mg_dw,01/02/2022,,,02/02/2022,,,1,NA,,
360,90,5,,900,mg_ww/day,292.9,500,880.6,1192.1,,,,,mg,E-T5-G90-I360-EP,5533.8,5753.9,mg,,mg_dw,F-T5-G90-I360-EP,5564.9,5803.6,mg,,mg_dw,01/02/2022,,08/02/2022,02/02/2022,,,0,,,
361,91,1,,120,mg_ww/day,345.3,399.5,,,,,,,mg,E-T1-G91-I361-CA,5551,,mg,,mg_dw,F-T1-G91-I361-CA,,,mg,,mg_dw,08/01/2022,,,09/02/2022,,,1,NA,,
362,91,1,,120,mg_ww/day,252.4,309.4,,,,,,,mg,E-T1-G91-I362-EP,5542.4,,mg,,mg_dw,F-T1-G91-I362-EP,,,mg,,mg_dw,08/01/2022,,,09/02/2022,,,0,,,
363,91,1,,120,mg_ww/day,518.4,527.4,,,,,,,mg,E-T1-G91-I363-CA,5567.7,,mg,,mg_dw,F-T1-G91-I363-CA,,,mg,,mg_dw,08/01/2022,,,09/02/2022,,,1,NA,,
364,91,1,,120,mg_ww/day,309.1,331.9,,,,,,,mg,E-T1-G91-I364-EP,5549.1,,mg,,mg_dw,F-T1-G91-I364-EP,,,mg,,mg_dw,08/01/2022,,,09/02/2022,,,0,,,
365,92,1,,120,mg_ww/day,356.2,412.4,,,,,,,mg,E-T1-G92-I365-CA,5527.9,,mg,,mg_dw,F-T1-G92-I365-CA,,,mg,,mg_dw,08/01/2022,,,09/02/2022,,,1,NA,,
366,92,1,,120,mg_ww/day,308.7,352.3,,,,,,,mg,E-T1-G92-I366-EP,5561.7,,mg,,mg_dw,F-T1-G92-I366-EP,,,mg,,mg_dw,08/01/2022,,,09/02/2022,,,0,,,
367,92,1,,120,mg_ww/day,258.5,298.6,,,,,,,mg,E-T1-G92-I367-CA,5559.9,,mg,,mg_dw,F-T1-G92-I367-CA,,,mg,,mg_dw,08/01/2022,,,09/02/2022,,,1,NA,,
368,92,1,,120,mg_ww/day,370.2,400.8,,,,,,,mg,E-T1-G92-I368-EP,5559.5,,mg,,mg_dw,F-T1-G92-I368-EP,,,mg,,mg_dw,08/01/2022,,,09/02/2022,,,0,,,
369,93,2,,240,mg_ww/day,301.9,409,,,,,,,mg,E-T2-G93-I369-CA,5546.7,,mg,,mg_dw,F-T2-G93-I369-CA,,,mg,,mg_dw,08/01/2022,,,09/02/2022,,,1,NA,,
370,93,2,,240,mg_ww/day,345.7,465.4,,,,,,,mg,E-T2-G93-I370-EP,5567,,mg,,mg_dw,F-T2-G93-I370-EP,,,mg,,mg_dw,08/01/2022,,,09/02/2022,,,0,,,
371,93,2,,240,mg_ww/day,195.8,251.2,,,,,,,mg,E-T2-G93-I371-CA,5548.7,,mg,,mg_dw,F-T2-G93-I371-CA,,,mg,,mg_dw,08/01/2022,,,09/02/2022,,,1,NA,,
372,93,2,,240,mg_ww/day,290.6,420.7,,,,,,,mg,E-T2-G93-I372-EP,5566.9,,mg,,mg_dw,F-T2-G93-I372-EP,,,mg,,mg_dw,08/01/2022,,,09/02/2022,,,0,,,
373,94,2,,240,mg_ww/day,344.2,440.8,,,,,,,mg,E-T2-G94-I373-CA,5551.1,,mg,,mg_dw,F-T2-G94-I373-CA,,,mg,,mg_dw,08/01/2022,,,09/02/2022,,,1,NA,,
374,94,2,,240,mg_ww/day,331.2,439.8,,,,,,,mg,E-T2-G94-I374-EP,5540.8,,mg,,mg_dw,F-T2-G94-I374-EP,,,mg,,mg_dw,08/01/2022,,,09/02/2022,,,0,,,
375,94,2,,240,mg_ww/day,353.9,446.9,,,,,,,mg,E-T2-G94-I375-CA,5537.7,,mg,,mg_dw,F-T2-G94-I375-CA,,,mg,,mg_dw,08/01/2022,,,09/02/2022,,,1,NA,,
376,94,2,,240,mg_ww/day,272.4,378.2,,,,,,,mg,E-T2-G94-I376-EP,5532.9,,mg,,mg_dw,F-T2-G94-I376-EP,,,mg,,mg_dw,08/01/2022,,,09/02/2022,,,0,,,
377,95,3,,360,mg_ww/day,269.4,440.4,,,,,,,mg,E-T3-G95-I377-CA,5543.2,,mg,,mg_dw,F-T3-G95-I377-CA,,,mg,,mg_dw,08/01/2022,,,09/02/2022,,,1,NA,,
378,95,3,,360,mg_ww/day,373.5,515.4,,,,,,,mg,E-T3-G95-I378-EP,5541.5,,mg,,mg_dw,F-T3-G95-I378-EP,,,mg,,mg_dw,08/01/2022,,,09/02/2022,,,0,,,
379,95,3,,360,mg_ww/day,335.5,521.8,,,,,,,mg,E-T3-G95-I379-CA,5551,,mg,,mg_dw,F-T3-G95-I379-CA,,,mg,,mg_dw,08/01/2022,,,09/02/2022,,,1,NA,,
380,95,3,,360,mg_ww/day,263.3,418,,,,,,,mg,E-T3-G95-I380-EP,5534.9,,mg,,mg_dw,F-T3-G95-I380-EP,,,mg,,mg_dw,08/01/2022,,,09/02/2022,,,0,,,
381,96,3,,360,mg_ww/day,371.9,536.7,,,,,,,mg,E-T3-G96-I381-CA,5565.3,,mg,,mg_dw,F-T3-G96-I381-CA,,,mg,,mg_dw,08/01/2022,,,09/02/2022,,,1,NA,,
382,96,3,,360,mg_ww/day,241.8,411.5,,,,,,,mg,E-T3-G96-I382-EP,5533,,mg,,mg_dw,F-T3-G96-I382-EP,,,mg,,mg_dw,08/01/2022,,,09/02/2022,,,0,,,
383,96,3,,360,mg_ww/day,352.8,543.9,,,,,,,mg,E-T3-G96-I383-CA,5564.1,,mg,,mg_dw,F-T3-G96-I383-CA,,,mg,,mg_dw,08/01/2022,,,09/02/2022,,,1,NA,,
384,96,3,,360,mg_ww/day,267.8,435.9,,,,,,,mg,E-T3-G96-I384-EP,5552.3,,mg,,mg_dw,F-T3-G96-I384-EP,,,mg,,mg_dw,08/01/2022,,,09/02/2022,,,0,,,
385,97,4,,480,mg_ww/day,317.9,550.5,,,,,,,mg,E-T4-G97-I385-CA,5550.8,,mg,,mg_dw,F-T4-G97-I385-CA,,,mg,,mg_dw,08/01/2022,,,09/02/2022,,,1,NA,,
386,97,4,,480,mg_ww/day,380.7,596,,,,,,,mg,E-T4-G97-I386-EP,5550.6,,mg,,mg_dw,F-T4-G97-I386-EP,,,mg,,mg_dw,08/01/2022,,,09/02/2022,,,0,,,
387,97,4,,480,mg_ww/day,205.2,342.4,,,,,,,mg,E-T4-G97-I387-CA,5548.9,,mg,,mg_dw,F-T4-G97-I387-CA,,,mg,,mg_dw,08/01/2022,,,09/02/2022,,,1,NA,,
388,97,4,,480,mg_ww/day,249.5,470.3,,,,,,,mg,E-T4-G97-I388-EP,5537.2,,mg,,mg_dw,F-T4-G97-I388-EP,,,mg,,mg_dw,08/01/2022,,,09/02/2022,,,0,,,
389,98,4,,480,mg_ww/day,207,421.3,,,,,,,mg,E-T4-G98-I389-CA,5557.2,,mg,,mg_dw,F-T4-G98-I389-CA,,,mg,,mg_dw,08/01/2022,,,09/02/2022,,,1,NA,,
390,98,4,,480,mg_ww/day,329.7,544.6,,,,,,,mg,E-T4-G98-I390-EP,5551.7,,mg,,mg_dw,F-T4-G98-I390-EP,,,mg,,mg_dw,08/01/2022,,,09/02/2022,,,0,,,
391,98,4,,480,mg_ww/day,315.6,484.8,,,,,,,mg,E-T4-G98-I391-CA,5554.2,,mg,,mg_dw,F-T4-G98-I391-CA,,,mg,,mg_dw,08/01/2022,,,09/02/2022,,,1,NA,,
392,98,4,,480,mg_ww/day,273.3,435.9,,,,,,,mg,E-T4-G98-I392-EP,5562.8,,mg,,mg_dw,F-T4-G98-I392-EP,,,mg,,mg_dw,08/01/2022,,,09/02/2022,,,0,,,
393,99,5,,900,mg_ww/day,310.5,533.7,,,,,,,mg,E-T5-G99-I393-CA,5567.2,,mg,,mg_dw,F-T5-G99-I393-CA,,,mg,,mg_dw,08/01/2022,,,09/02/2022,,,1,NA,,
394,99,5,,900,mg_ww/day,317.6,587.4,,,,,,,mg,E-T5-G99-I394-EP,5530.7,,mg,,mg_dw,F-T5-G99-I394-EP,,,mg,,mg_dw,08/01/2022,,,09/02/2022,,,0,,,
395,99,5,,900,mg_ww/day,234,401.7,,,,,,,mg,E-T5-G99-I395-CA,5542,,mg,,mg_dw,F-T5-G99-I395-CA,,,mg,,mg_dw,08/01/2022,,,09/02/2022,,,1,NA,,
396,99,5,,900,mg_ww/day,352.4,595.5,,,,,,,mg,E-T5-G99-I396-EP,5525.1,,mg,,mg_dw,F-T5-G99-I396-EP,,,mg,,mg_dw,08/01/2022,,,09/02/2022,,,0,,,
397,100,5,,900,mg_ww/day,232.4,443.9,,,,,,,mg,E-T5-G100-I397-CA,5533.7,,mg,,mg_dw,F-T5-G100-I397-CA,,,mg,,mg_dw,08/01/2022,,,09/02/2022,,,1,NA,,
398,100,5,,900,mg_ww/day,319.4,599.2,,,,,,,mg,E-T5-G100-I398-EP,5542.7,,mg,,mg_dw,F-T5-G100-I398-EP,,,mg,,mg_dw,08/01/2022,,,09/02/2022,,,0,,,
399,100,5,,900,mg_ww/day,377.5,620.3,,,,,,,mg,E-T5-G100-I399-CA,5566.1,,mg,,mg_dw,F-T5-G100-I399-CA,,,mg,,mg_dw,08/01/2022,,,09/02/2022,,,1,NA,,
400,100,5,,900,mg_ww/day,207.5,403,,,,,,,mg,E-T5-G100-I400-EP,5523,,mg,,mg_dw,F-T5-G100-I400-EP,,,mg,,mg_dw,08/01/2022,,,09/02/2022,,,0,,,
